-- phpMyAdmin SQL Dump
-- version 5.2.0
-- https://www.phpmyadmin.net/
--
-- Хост: localhost
-- Время создания: Дек 02 2022 г., 06:04
-- Версия сервера: 10.4.21-MariaDB
-- Версия PHP: 8.1.6

SET SQL_MODE = "NO_AUTO_VALUE_ON_ZERO";
START TRANSACTION;
SET time_zone = "+00:00";


/*!40101 SET @OLD_CHARACTER_SET_CLIENT=@@CHARACTER_SET_CLIENT */;
/*!40101 SET @OLD_CHARACTER_SET_RESULTS=@@CHARACTER_SET_RESULTS */;
/*!40101 SET @OLD_COLLATION_CONNECTION=@@COLLATION_CONNECTION */;
/*!40101 SET NAMES utf8mb4 */;

--
-- База данных: `endterm`
--

-- --------------------------------------------------------

--
-- Структура таблицы `airlines`
--

CREATE TABLE `airlines` (
  `id` int(11) NOT NULL,
  `name` varchar(255) NOT NULL,
  `image` varchar(100) NOT NULL
) ENGINE=InnoDB DEFAULT CHARSET=utf8mb4;

--
-- Дамп данных таблицы `airlines`
--

INSERT INTO `airlines` (`id`, `name`, `image`) VALUES
(1, 'Air Astana', 'airastana.png'),
(2, 'Fly Arystan', 'flyarystan.png'),
(3, 'Turkish Airlines', 'turkish-airlines.png'),
(4, 'Qatar Airways', 'qatar.png'),
(5, 'Emirates', 'emirates.png'),
(6, 'Scat Airlines', 'scat.png');

-- --------------------------------------------------------

--
-- Структура таблицы `articles`
--

CREATE TABLE `articles` (
  `id` int(11) NOT NULL,
  `title` varchar(255) NOT NULL,
  `description` text NOT NULL,
  `source_id` int(11) NOT NULL,
  `publish_date` datetime NOT NULL
) ENGINE=InnoDB DEFAULT CHARSET=utf8mb4;

--
-- Дамп данных таблицы `articles`
--

INSERT INTO `articles` (`id`, `title`, `description`, `source_id`, `publish_date`) VALUES
(1, 'Жителям Алматинской области предложили бесплатно слетать в Москву', 'Казахстанский сервис по продаже авиабилетов и брони отелей по всему миру Chocotravel.com продолжает свою провокационную деятельность. Сот...', 1, '2016-08-11 12:42:25'),
(2, 'На 8% упал рынок авиабилетов в Казахстане с начала 2016', 'Между тем, председатель правления Altyn Bank Аскар Смагулов рассказал о появившейся в Казахстане возможности приобрести авиабилеты в расс...', 2, '2016-08-03 12:42:25'),
(3, '1 год после объединения Aviata и Chocotravel: останутся ли оба бренда на рынке?', 'Об этом и многом другом в интервью Forbes.kz рассказал директор объединённой компании Chocotravel и Aviata Николай Мазенцев ...', 2, '2016-05-29 12:42:25'),
(4, 'На 8% упал рынок авиабилетов в Казахстане с начала 2016 года', 'Как поясняется, сервис по онлайн-продаже авиабилетов Chocotravel и цифровой банк Altyn-I предлагают приобрести авиабилеты в любом направл...', 3, '2016-08-03 12:42:25'),
(5, 'Средний чек на авиабилеты в Казахстане вырос почти на 70 процентов', 'Если в 2014 году 78 процентов авиабилетов продавалось за границу, то в 2016 году уже 64 процента. В результате чего структура спроса стал...', 1, '2016-08-03 12:42:25'),
(6, 'Chocofamily привлек более $1 млн инвестиций', 'Представители интернет-холдинга Chocofamily сообщили Profit.kz о привлечении более одного миллиона долларов инвестиций. Большая часть при...', 4, '2016-05-24 12:42:25'),
(7, 'Сколько стоит отдохнуть этим летом?', 'Из-за кризиса кошельки путешественников заметно похудели. Это связано и с ростом цен внутри страны, и с тем, что за границей все продаетс...', 5, '2016-05-18 12:42:25'),
(8, 'К конкуренции относимся серьезно, но коленки не дрожат', 'Онлайн-продажа авиабилетов считается одним из самых быстроразвивающихся сегментов электронной коммерции. Многие пользователи уже не прост...', 5, '2016-05-05 12:42:25'),
(9, 'Соучредитель Chocofamily и Chocotravel встретился со студентами AlmaU', '7 апреля 2016 года в Almaty Management University прошла гостевая лекция Николая Мазенцева, соучредителя Chocofamily, директора компании ...', 6, '2016-04-07 12:42:25');

-- --------------------------------------------------------

--
-- Структура таблицы `cities`
--

CREATE TABLE `cities` (
  `id` int(11) NOT NULL,
  `code` varchar(10) NOT NULL,
  `name` varchar(255) NOT NULL
) ENGINE=InnoDB DEFAULT CHARSET=utf8mb4;

--
-- Дамп данных таблицы `cities`
--

INSERT INTO `cities` (`id`, `code`, `name`) VALUES
(1, 'ALA', 'Алматы'),
(2, 'NQZ', 'Астана'),
(3, 'CIT', 'Шымкент'),
(4, 'IST', 'Стамбул'),
(5, 'DME', 'Москва'),
(6, 'SEL', 'Сеул'),
(7, 'GUW', 'Атырау'),
(8, 'KGF', 'Караганда'),
(9, 'PPK', 'Петропавловск'),
(10, 'SCO', 'Актау');

-- --------------------------------------------------------

--
-- Структура таблицы `faq`
--

CREATE TABLE `faq` (
  `id` int(11) NOT NULL,
  `question` text NOT NULL,
  `answer` text NOT NULL,
  `tag_id` int(11) NOT NULL
) ENGINE=InnoDB DEFAULT CHARSET=utf8mb4;

--
-- Дамп данных таблицы `faq`
--

INSERT INTO `faq` (`id`, `question`, `answer`, `tag_id`) VALUES
(1, 'Насколько актуальна информация о рейсах на вашем сервисе?', 'Поскольку на Chocotravel представлена информация о рейсах непосредственно из систем бронирования авиакомпаний, данные о рейсах актуальны на момент запроса. Предложения по перелётам и цены на нашем сайте собираются автоматически в онлайн режиме. Система предлагает на Ваш выбор только лучшие варианты, доступные на момент запроса. Если по заданному направлению отсутствуют предложения от некоторых авиакомпаний или их некоторые рейсы, либо цена билета вдруг оказалась выше ожидаемой, то, скорее всего, эти билеты уже были распроданы или остались в наличии только более дорогие тарифы', 1),
(2, 'Правда ли, что купить билет можно из любой точки мира?', 'Да. Все, что Вам требуется – это доступ к сети Интернет. Выбрав подходящий рейс, Вы бронируете билет, указываете удобный способ оплаты и выкупаете электронный билет. Маршрутную квитанцию электронного билета Вы получаете на адрес электронной почты.', 2),
(3, 'Откуда Вы получаете информацию о ценах?', 'От глобальных дистрибутивных систем (GDS), которые содержат данные о ценах и рейсах авиакомпаний во всем мире.', 1),
(4, 'Какие документы требуется указать при покупке билета?', 'Для перелета внутри страны в нашем случае в Казахстане, возможно использовать как внутренние документы удостоверяющие личность, так и загранпаспорт. Для международных перелетов требуется использовать данные заграничного паспорта. При покупке билета для ребенка, на международных перелётах необходимо указать паспортные данные сопровождающего родителя если ребёнок вклеен в паспорт или отдельный паспорт на ребёнка если перелёт по Казахстану то можно указать данные свидетельства о рождении ребенка.', 4);

-- --------------------------------------------------------

--
-- Структура таблицы `feedback`
--

CREATE TABLE `feedback` (
  `id` int(11) NOT NULL,
  `name` varchar(100) NOT NULL,
  `datetime` datetime NOT NULL,
  `text` text NOT NULL,
  `email` varchar(255) NOT NULL
) ENGINE=InnoDB DEFAULT CHARSET=utf8mb4;

--
-- Дамп данных таблицы `feedback`
--

INSERT INTO `feedback` (`id`, `name`, `datetime`, `text`, `email`) VALUES
(1, 'Жан', '2022-11-16 05:26:57', 'Добрый день! Всегда покупаю билеты через вас. И после второй покупки тут мои бонусы перестали считаться. Ну я накопил в целом не мало, но в личном кабинете это не отображается. Что делать?', 'test@gmail.com'),
(2, 'Анастасия', '2022-11-07 10:35:03', 'Добрый день. Подскажите пожалуйста. У меня в билете перепутаны местами имя и фамилия. Так данные все верны. Билет приобретала у вас онлайн. Будут ли проблемы при регистрации? И как можно поменять местами данные? Билет электронный ведь.', 'test2@gmail.com'),
(3, 'Алёна', '2022-11-16 11:13:58', 'Покупала ЖД Билеты на сумму 11856, возврат оформила в августе, ждала возврат 3 месяца.Так как персонал не может правильно все оформить и объяснить. Вернули только 4284. Прокомментировали тем что удержали все комиссии. Смысл тогда вообще делать рекламу что \"Вы экономите свои деньги\". Персонал обещает перезвонить и ждите по году. Не перезванивают. Не удивлюсь если удалят просто комментарий. Оформлю в газету.', ''),
(4, 'Test', '2022-11-16 11:56:03', 'Тестовый отзыв', 'test@gmail.com'),
(5, 'TEst', '2022-11-16 11:56:34', 'Все прекрасно!', 'test@gmail.com');

-- --------------------------------------------------------

--
-- Структура таблицы `feedback_answers`
--

CREATE TABLE `feedback_answers` (
  `id` int(11) NOT NULL,
  `datetime` datetime NOT NULL DEFAULT current_timestamp(),
  `feedback_id` int(11) NOT NULL,
  `text` text NOT NULL
) ENGINE=InnoDB DEFAULT CHARSET=utf8mb4;

--
-- Дамп данных таблицы `feedback_answers`
--

INSERT INTO `feedback_answers` (`id`, `datetime`, `feedback_id`, `text`) VALUES
(1, '2022-11-16 10:49:02', 1, 'Здравствуйте! Благодарим Вас за обращение! С данного электронного адреса L.u.s.m@bk.ru было две покупки. За первую покупку начислено 5000 бонусов, за вторую покупку начислено 367 бонусов.'),
(3, '2022-11-16 10:49:48', 2, 'Здравствуйте! Благодарим за обращение! При данной ошибке, во время прохождения регистрации, Вас могут не пустить. Корректировка возможна со штрафом, но лишь у некоторых авиаперевозчиков. Пожалуйста, подайте заявку на обмен (заказы-подробнее-обмен) с соответствующим комментарием, мы отправим вам в заявке всю необходимую информацию.'),
(4, '2022-11-16 11:57:21', 5, 'Спасибо большое!');

-- --------------------------------------------------------

--
-- Структура таблицы `flights`
--

CREATE TABLE `flights` (
  `id` int(11) NOT NULL,
  `code` varchar(10) NOT NULL,
  `airline_id` int(11) NOT NULL,
  `departure_time` datetime NOT NULL,
  `departure_city_id` int(11) NOT NULL,
  `arrival_time` datetime NOT NULL,
  `arrival_city_id` int(11) NOT NULL,
  `price_economy` int(11) NOT NULL,
  `price_business` int(11) NOT NULL
) ENGINE=InnoDB DEFAULT CHARSET=utf8mb4;

--
-- Дамп данных таблицы `flights`
--

INSERT INTO `flights` (`id`, `code`, `airline_id`, `departure_time`, `departure_city_id`, `arrival_time`, `arrival_city_id`, `price_economy`, `price_business`) VALUES
(2629, 'KYO-887', 1, '2022-12-02 14:59:06', 9, '2022-12-02 16:49:06', 3, 71343, 208276),
(2630, 'STAG^B-515', 5, '2022-11-29 18:12:50', 6, '2022-11-29 22:27:50', 4, 70318, 196454),
(2631, 'CHK-954', 3, '2022-11-20 09:57:56', 8, '2022-11-20 13:56:56', 4, 41666, 171133),
(2632, 'JRVR-53', 3, '2022-12-29 22:44:10', 8, '2022-12-30 02:52:10', 4, 24127, 292500),
(2633, 'CIEN-125', 6, '2022-11-25 01:36:05', 6, '2022-11-25 03:26:05', 1, 53800, 294550),
(2634, 'NEE^R-764', 4, '2022-11-24 05:57:42', 10, '2022-11-24 10:28:42', 3, 76074, 161295),
(2635, 'ARR^B-184', 1, '2022-12-28 20:36:22', 7, '2022-12-29 00:03:22', 3, 64333, 190420),
(2636, 'EYES-139', 5, '2022-11-29 14:22:13', 7, '2022-11-29 16:50:13', 1, 23483, 234330),
(2637, 'SIFY-896', 2, '2022-12-04 12:34:06', 6, '2022-12-04 16:59:06', 3, 31164, 221521),
(2638, 'CMRE^D-574', 3, '2022-12-14 04:25:01', 10, '2022-12-14 07:05:01', 2, 30668, 263292),
(2639, 'ADMP-10', 1, '2022-11-26 00:10:59', 10, '2022-11-26 03:27:59', 5, 51639, 278282),
(2640, 'BECN-643', 2, '2022-12-10 23:09:03', 7, '2022-12-11 02:55:03', 1, 53012, 284175),
(2641, 'PRSC-433', 5, '2022-12-11 20:39:19', 6, '2022-12-11 22:44:19', 3, 32862, 143451),
(2642, 'AREX-70', 5, '2022-11-27 11:25:51', 8, '2022-11-27 13:30:51', 5, 35932, 216043),
(2643, 'HD-557', 5, '2022-11-26 18:46:44', 10, '2022-11-26 22:37:44', 1, 23511, 239714),
(2644, 'MBII-638', 6, '2022-12-03 22:25:56', 6, '2022-12-04 01:49:56', 2, 39135, 175428),
(2645, 'RJF-864', 5, '2022-12-23 07:56:56', 8, '2022-12-23 10:38:56', 5, 54517, 279186),
(2646, 'VSTO-337', 5, '2022-11-20 06:56:44', 8, '2022-11-20 08:48:44', 4, 68438, 227567),
(2647, 'OGXI-407', 3, '2022-11-28 06:17:10', 6, '2022-11-28 09:44:10', 3, 68457, 240100),
(2648, 'MFV-768', 6, '2022-12-17 21:14:14', 10, '2022-12-18 00:09:14', 1, 72675, 117947),
(2649, 'IBOC-801', 4, '2022-12-12 12:07:29', 8, '2022-12-12 15:35:29', 3, 35152, 248360),
(2650, 'ONSIW-691', 6, '2022-12-05 16:01:57', 10, '2022-12-05 19:23:57', 2, 66538, 255238),
(2651, 'PLBC-758', 4, '2022-12-05 10:09:03', 8, '2022-12-05 13:53:03', 1, 70251, 198866),
(2652, 'PSB^W-741', 1, '2022-12-17 08:40:26', 8, '2022-12-17 13:11:26', 1, 58203, 218645),
(2653, 'VSDA-690', 2, '2022-11-29 03:51:46', 7, '2022-11-29 06:58:46', 4, 59232, 103033),
(2654, 'PSTG-152', 3, '2022-12-01 05:14:28', 10, '2022-12-01 09:05:28', 3, 76152, 172356),
(2655, 'FBHS-858', 4, '2022-12-09 10:37:34', 6, '2022-12-09 12:50:34', 4, 21202, 282693),
(2656, 'ELTK-740', 5, '2022-12-21 16:23:54', 8, '2022-12-21 19:35:54', 3, 76278, 223656),
(2657, 'SSI-731', 2, '2022-12-07 17:21:39', 7, '2022-12-07 19:04:39', 4, 61362, 167818),
(2658, 'FGEN-879', 5, '2022-12-30 00:04:11', 6, '2022-12-30 03:36:11', 5, 54180, 242962),
(2659, 'REIS-328', 5, '2022-12-15 07:17:03', 7, '2022-12-15 09:38:03', 1, 20716, 261577),
(2660, 'NXPI-992', 1, '2022-12-03 12:56:33', 10, '2022-12-03 15:53:33', 1, 58261, 231076),
(2661, 'ELECW-239', 1, '2022-12-27 12:04:02', 9, '2022-12-27 13:57:02', 3, 28067, 248379),
(2662, 'KEYW-986', 5, '2022-12-08 04:57:14', 7, '2022-12-08 07:59:14', 1, 29914, 216075),
(2663, 'JPC-519', 6, '2022-12-07 07:34:12', 9, '2022-12-07 11:03:12', 5, 42650, 107829),
(2664, 'CDC-649', 3, '2022-11-22 03:26:27', 6, '2022-11-22 05:23:27', 5, 26638, 258419),
(2665, 'AJRD-826', 6, '2022-11-27 15:17:13', 10, '2022-11-27 16:58:13', 4, 43344, 142113),
(2666, 'AVGR-809', 3, '2022-12-06 01:30:17', 7, '2022-12-06 05:56:17', 2, 30375, 275622),
(2667, 'DX^A-972', 2, '2022-12-17 09:31:47', 7, '2022-12-17 14:00:47', 5, 78323, 231941),
(2668, 'SAR-803', 6, '2022-12-29 07:49:02', 8, '2022-12-29 11:33:02', 1, 27401, 280608),
(2669, 'NERV-119', 5, '2022-12-06 03:47:37', 7, '2022-12-06 06:05:37', 4, 51522, 257203),
(2670, 'PUB-852', 4, '2022-11-24 00:55:28', 9, '2022-11-24 04:22:28', 1, 63363, 256730),
(2671, 'PUK-928', 4, '2022-11-20 22:54:40', 10, '2022-11-21 01:36:40', 1, 70453, 169769),
(2672, 'TJX-68', 6, '2022-11-23 22:36:17', 10, '2022-11-24 02:50:17', 5, 51161, 253497),
(2673, 'WD-404', 5, '2022-12-20 15:45:31', 6, '2022-12-20 20:11:31', 5, 38119, 214939),
(2674, 'CBO-630', 3, '2022-12-18 02:09:56', 9, '2022-12-18 06:31:56', 3, 48165, 243685),
(2675, 'TSRI-276', 3, '2022-12-24 14:58:10', 6, '2022-12-24 18:54:10', 3, 73547, 237113),
(2676, 'FCH^A-844', 4, '2022-12-10 12:29:51', 9, '2022-12-10 14:45:51', 3, 20814, 197108),
(2677, 'SONC-143', 2, '2022-12-11 15:55:45', 10, '2022-12-11 17:52:45', 3, 46410, 134338),
(2678, 'TGNA-873', 5, '2022-12-22 20:32:38', 6, '2022-12-22 23:30:38', 5, 65325, 167190),
(2679, 'DPG-237', 1, '2022-12-05 10:22:05', 6, '2022-12-05 14:14:05', 1, 54080, 157352),
(2680, 'WG-19', 6, '2022-12-18 06:08:32', 10, '2022-12-18 09:10:32', 5, 64564, 107464),
(2681, 'CAI-16', 5, '2022-12-14 22:26:01', 8, '2022-12-15 00:20:01', 3, 52073, 179369),
(2682, 'WK-154', 6, '2022-12-11 08:34:56', 10, '2022-12-11 13:02:56', 1, 25289, 112260),
(2683, 'EDR-283', 2, '2022-11-23 06:13:27', 9, '2022-11-23 10:07:27', 1, 55587, 236419),
(2684, 'SQNS-495', 6, '2022-12-29 00:21:06', 9, '2022-12-29 04:42:06', 3, 42944, 141505),
(2685, 'CLNT-542', 3, '2022-12-29 21:31:12', 8, '2022-12-30 01:44:12', 2, 54108, 290202),
(2686, 'ABY-399', 2, '2022-12-22 06:12:43', 8, '2022-12-22 10:41:43', 4, 76696, 195013),
(2687, 'JELD-528', 1, '2022-12-27 11:00:08', 7, '2022-12-27 15:49:08', 4, 28270, 217095),
(2688, 'SNMX-649', 5, '2022-12-30 08:35:07', 9, '2022-12-30 11:15:07', 1, 40635, 272198),
(2689, 'BCS^D-107', 2, '2022-12-08 12:41:32', 6, '2022-12-08 16:43:32', 5, 40471, 181147),
(2690, 'BGX-138', 4, '2022-12-14 03:38:56', 9, '2022-12-14 06:48:56', 5, 65993, 241294),
(2691, 'VMC-317', 6, '2022-12-05 21:18:00', 7, '2022-12-06 02:18:00', 2, 66675, 294929),
(2692, 'HBM.WS-624', 5, '2022-11-20 15:37:11', 9, '2022-11-20 19:30:11', 2, 74476, 175829),
(2693, 'FNSR-702', 2, '2022-11-22 02:56:14', 6, '2022-11-22 07:02:14', 3, 70646, 291303),
(2694, 'DFS^B-408', 6, '2022-11-22 05:23:07', 6, '2022-11-22 07:16:07', 1, 66668, 252602),
(2695, 'CRIS-157', 4, '2022-12-17 14:17:16', 8, '2022-12-17 16:31:16', 4, 35077, 276415),
(2696, 'DAR-194', 2, '2022-12-03 15:06:23', 10, '2022-12-03 17:43:23', 3, 24031, 174760),
(2697, 'FBM-147', 1, '2022-11-25 18:07:24', 10, '2022-11-25 22:46:24', 2, 49400, 218651),
(2698, 'FYX-925', 6, '2022-12-25 06:23:28', 10, '2022-12-25 08:36:28', 4, 65921, 177184),
(2699, 'BIT-893', 4, '2022-12-13 18:10:09', 7, '2022-12-13 20:29:09', 3, 21692, 272369),
(2700, 'CLNS^E-171', 3, '2022-11-20 10:10:38', 7, '2022-11-20 12:58:38', 2, 52934, 267215),
(2701, 'GSL-136', 4, '2022-12-07 03:47:00', 9, '2022-12-07 08:05:00', 3, 72406, 217264),
(2702, 'DSM-821', 2, '2022-11-20 22:54:32', 7, '2022-11-21 03:15:32', 5, 38448, 284310),
(2703, 'HLNE-796', 4, '2022-12-21 15:37:27', 9, '2022-12-21 20:37:27', 1, 77017, 263635),
(2704, 'TACT-699', 4, '2022-12-08 15:37:41', 9, '2022-12-08 20:05:41', 5, 69681, 113706),
(2705, 'XOMA-283', 6, '2022-12-29 13:48:11', 10, '2022-12-29 15:39:11', 5, 79348, 155345),
(2706, 'NHF-763', 4, '2022-12-29 20:48:53', 6, '2022-12-29 22:37:53', 5, 28684, 140891),
(2707, 'NVUS-149', 1, '2022-11-26 09:52:59', 10, '2022-11-26 13:52:59', 5, 60183, 138510),
(2708, 'ESXB-409', 2, '2022-11-22 09:53:31', 6, '2022-11-22 12:39:31', 1, 22017, 139809),
(2709, 'IVZ-555', 1, '2022-12-09 12:54:19', 10, '2022-12-09 17:16:19', 2, 76618, 149723),
(2710, 'NXPI-65', 6, '2022-12-01 21:04:54', 10, '2022-12-01 23:02:54', 2, 27468, 198170),
(2711, 'DPZ-895', 2, '2022-12-12 06:12:44', 7, '2022-12-12 10:26:44', 4, 37273, 178579),
(2712, 'GS^J-514', 5, '2022-12-03 05:57:38', 9, '2022-12-03 09:37:38', 3, 30468, 173521),
(2713, 'VALU-720', 6, '2022-12-21 15:52:23', 9, '2022-12-21 18:07:23', 1, 47030, 247206),
(2714, 'DGAS-727', 4, '2022-12-02 16:26:17', 8, '2022-12-02 19:49:17', 3, 46804, 185632),
(2715, 'ALLE-813', 6, '2022-12-12 07:30:57', 7, '2022-12-12 11:30:57', 2, 64158, 269115),
(2716, 'PLUS-110', 3, '2022-11-19 13:06:48', 9, '2022-11-19 15:36:48', 4, 65266, 102332),
(2717, 'SOI-839', 3, '2022-12-28 07:13:56', 10, '2022-12-28 11:15:56', 4, 36911, 166483),
(2718, 'KN-706', 2, '2022-12-23 00:20:33', 7, '2022-12-23 03:09:33', 4, 56136, 276599),
(2719, 'AKRX-414', 5, '2022-12-03 00:56:18', 8, '2022-12-03 05:29:18', 3, 61263, 179850),
(2720, 'LINDW-749', 5, '2022-12-15 16:00:16', 8, '2022-12-15 18:11:16', 1, 30840, 238009),
(2721, 'STZ.B-975', 1, '2022-11-23 21:38:44', 8, '2022-11-24 02:29:44', 2, 60368, 276265),
(2722, 'AVAL-531', 2, '2022-12-18 13:04:39', 8, '2022-12-18 16:57:39', 5, 20027, 127050),
(2723, 'BLL-389', 4, '2022-11-28 04:05:51', 6, '2022-11-28 06:39:51', 3, 71662, 253833),
(2724, 'OMAM-512', 6, '2022-12-23 21:42:33', 10, '2022-12-24 00:25:33', 5, 79895, 198506),
(2725, 'MA-735', 1, '2022-11-27 14:59:11', 6, '2022-11-27 16:57:11', 4, 49415, 276307),
(2726, 'LADR-795', 6, '2022-11-29 13:48:30', 7, '2022-11-29 15:51:30', 1, 69646, 200800),
(2727, 'ACTG-992', 3, '2022-12-27 20:04:15', 10, '2022-12-27 23:14:15', 4, 62933, 175475),
(2728, 'PLXS-372', 1, '2022-12-17 09:45:11', 7, '2022-12-17 14:28:11', 5, 69987, 111191),
(2729, 'JMP-445', 1, '2022-12-20 01:09:43', 9, '2022-12-20 06:02:43', 2, 41042, 218978),
(2730, 'MMSI-798', 5, '2022-12-22 04:12:09', 10, '2022-12-22 06:07:09', 3, 43251, 114096),
(2731, 'SIVBO-925', 5, '2022-12-12 22:17:31', 7, '2022-12-13 00:52:31', 1, 68107, 259256),
(2732, 'LSXMB-341', 4, '2022-11-27 04:34:50', 10, '2022-11-27 09:11:50', 1, 55268, 112931),
(2733, 'GRIF-578', 2, '2022-12-13 04:13:30', 9, '2022-12-13 08:11:30', 5, 58388, 219212),
(2734, 'TATT-157', 3, '2022-11-22 18:53:15', 8, '2022-11-22 21:15:15', 1, 69018, 222294),
(2735, 'EWZS-355', 6, '2022-12-20 11:11:07', 8, '2022-12-20 15:19:07', 1, 55349, 117642),
(2736, 'MDCO-851', 6, '2022-12-09 08:37:41', 9, '2022-12-09 11:41:41', 2, 33480, 173604),
(2737, 'CRL-348', 6, '2022-12-16 07:01:19', 8, '2022-12-16 09:03:19', 5, 37665, 112285),
(2738, 'OPXA-602', 3, '2022-12-09 01:34:24', 7, '2022-12-09 06:10:24', 1, 68177, 111075),
(2739, 'BBT^G-207', 4, '2022-11-25 17:50:59', 10, '2022-11-25 21:16:59', 5, 51650, 205394),
(2740, 'LEG-538', 6, '2022-12-04 16:23:58', 7, '2022-12-04 21:05:58', 4, 75153, 147250),
(2741, 'ESLT-850', 1, '2022-11-18 19:08:58', 6, '2022-11-18 23:31:58', 1, 24789, 100405),
(2742, 'TRUP-169', 1, '2022-12-17 01:34:49', 8, '2022-12-17 05:38:49', 3, 34971, 286526),
(2743, 'SKYY-26', 6, '2022-12-18 03:09:14', 7, '2022-12-18 07:19:14', 3, 43528, 155371),
(2744, 'RY^T-924', 3, '2022-11-20 20:01:01', 8, '2022-11-20 23:00:01', 3, 67687, 292159),
(2745, 'UHT-53', 2, '2022-12-09 03:45:59', 8, '2022-12-09 08:03:59', 1, 25406, 174572),
(2746, 'CPAAW-996', 3, '2022-12-09 07:12:14', 9, '2022-12-09 12:11:14', 2, 33994, 143106),
(2747, 'DLR^H-579', 5, '2022-12-06 22:22:51', 8, '2022-12-07 02:30:51', 4, 39710, 161343),
(2748, 'MTL-804', 5, '2022-12-22 07:17:36', 8, '2022-12-22 10:47:36', 2, 35689, 297481),
(2749, 'PRTK-451', 6, '2022-12-29 12:32:12', 10, '2022-12-29 16:05:12', 2, 51451, 146719),
(2750, 'HOTR-215', 6, '2022-11-29 05:05:56', 8, '2022-11-29 08:50:56', 3, 78549, 263911),
(2751, 'FELE-124', 3, '2022-12-11 20:34:07', 8, '2022-12-12 01:18:07', 2, 56639, 256299),
(2752, 'NXR-863', 6, '2022-12-20 11:45:15', 7, '2022-12-20 14:54:15', 5, 78486, 115138),
(2753, 'PHH-145', 4, '2022-11-18 10:48:46', 7, '2022-11-18 13:04:46', 2, 69209, 260408),
(2754, 'MWA-446', 5, '2022-11-19 23:53:03', 6, '2022-11-20 03:15:03', 5, 39667, 205469),
(2755, 'BTO-433', 3, '2022-11-29 14:24:50', 7, '2022-11-29 18:15:50', 4, 25422, 126808),
(2756, 'QBAK-776', 3, '2022-12-29 08:09:18', 8, '2022-12-29 11:02:18', 1, 79929, 177445),
(2757, 'CLACW-880', 5, '2022-12-02 03:37:41', 9, '2022-12-02 05:24:41', 1, 22741, 160375),
(2758, 'IFF-335', 3, '2022-11-25 13:05:21', 10, '2022-11-25 16:18:21', 3, 25326, 222411),
(2759, 'MMS-664', 3, '2022-11-28 06:02:00', 9, '2022-11-28 08:21:00', 5, 66791, 237323),
(2760, 'PLBC-598', 2, '2022-11-29 21:09:49', 8, '2022-11-30 01:22:49', 3, 77061, 175150),
(2761, 'CFR^A-774', 4, '2022-11-19 15:25:18', 9, '2022-11-19 17:58:18', 2, 65129, 251826),
(2762, 'GEH-27', 2, '2022-11-28 20:23:19', 9, '2022-11-29 00:43:19', 3, 31603, 283974),
(2763, 'AAME-782', 4, '2022-11-28 10:29:20', 9, '2022-11-28 12:13:20', 1, 28708, 145840),
(2764, 'ANH^B-411', 3, '2022-11-27 17:16:13', 6, '2022-11-27 19:35:13', 4, 25804, 233523),
(2765, 'IMGN-76', 1, '2022-11-26 03:33:56', 10, '2022-11-26 05:32:56', 1, 49742, 230101),
(2766, 'BOXC-863', 5, '2022-12-26 10:51:23', 8, '2022-12-26 13:46:23', 3, 74311, 147844),
(2767, 'AHGP-182', 6, '2022-11-29 11:15:18', 10, '2022-11-29 13:43:18', 5, 28874, 262590),
(2768, 'MDLY-485', 2, '2022-12-25 03:35:03', 10, '2022-12-25 05:27:03', 2, 24202, 154937),
(2769, 'SALM-164', 3, '2022-12-26 12:21:18', 10, '2022-12-26 16:54:18', 3, 24326, 283779),
(2770, 'LPL-324', 1, '2022-12-12 20:24:56', 8, '2022-12-12 23:55:56', 3, 70239, 294474),
(2771, 'TCI-92', 1, '2022-12-27 01:19:53', 9, '2022-12-27 04:27:53', 4, 20671, 254314),
(2772, 'MA-100', 6, '2022-11-30 15:55:31', 10, '2022-11-30 19:13:31', 3, 47957, 202450),
(2773, 'WVE-50', 3, '2022-12-14 12:08:34', 7, '2022-12-14 16:15:34', 3, 35330, 119136),
(2774, 'PCN-665', 5, '2022-12-06 17:24:16', 9, '2022-12-06 21:06:16', 5, 49053, 128320),
(2775, 'HRG-939', 2, '2022-11-28 13:08:54', 7, '2022-11-28 17:40:54', 3, 43176, 187876),
(2776, 'MYF-735', 3, '2022-12-28 23:01:13', 7, '2022-12-29 02:34:13', 4, 32395, 102439),
(2777, 'PPR-492', 1, '2022-11-24 01:07:01', 7, '2022-11-24 03:24:01', 4, 69756, 122536),
(2778, 'CPSS-703', 4, '2022-11-20 13:30:41', 10, '2022-11-20 17:37:41', 2, 34267, 169761),
(2779, 'GSIT-82', 2, '2022-11-28 04:00:50', 10, '2022-11-28 06:42:50', 4, 47689, 142752),
(2780, 'SCLN-167', 1, '2022-12-13 11:46:53', 8, '2022-12-13 15:48:53', 1, 50922, 179114),
(2781, 'SSFN-705', 5, '2022-12-30 16:49:38', 10, '2022-12-30 20:30:38', 1, 30233, 105805),
(2782, 'LHO^I-376', 5, '2022-12-09 14:57:59', 6, '2022-12-09 17:39:59', 3, 42984, 187800),
(2783, 'LVNTA-763', 5, '2022-12-04 23:15:34', 6, '2022-12-05 03:48:34', 1, 27913, 217401),
(2784, 'LOB-186', 1, '2022-12-18 07:22:40', 6, '2022-12-18 11:21:40', 1, 76153, 127536),
(2785, 'OAKS-307', 5, '2022-12-11 12:38:25', 9, '2022-12-11 17:27:25', 1, 64435, 217517),
(2786, 'PSA-681', 3, '2022-12-11 01:44:26', 6, '2022-12-11 03:26:26', 1, 35585, 167022),
(2787, 'LBAI-702', 3, '2022-11-19 13:12:09', 8, '2022-11-19 17:35:09', 2, 67731, 164229),
(2788, 'AXS^E-422', 4, '2022-12-02 18:28:06', 6, '2022-12-02 23:00:06', 2, 53230, 117456),
(2789, 'COF^H-894', 4, '2022-12-07 18:18:32', 10, '2022-12-07 21:02:32', 4, 24284, 196956),
(2790, 'URBN-831', 1, '2022-12-08 11:18:43', 10, '2022-12-08 13:48:43', 1, 22708, 209651),
(2791, 'MRTN-204', 1, '2022-12-21 01:57:17', 10, '2022-12-21 04:16:17', 3, 74171, 282525),
(2792, 'MHNB.CL-22', 3, '2022-12-18 03:40:17', 7, '2022-12-18 08:02:17', 5, 25370, 224370),
(2793, 'DTY-394', 5, '2022-11-18 22:58:14', 8, '2022-11-19 03:15:14', 1, 43497, 173692),
(2794, 'UTI-202', 6, '2022-12-22 12:19:44', 10, '2022-12-22 14:07:44', 2, 52977, 190700),
(2795, 'MNKD-945', 5, '2022-12-14 18:05:49', 7, '2022-12-14 20:40:49', 4, 35360, 252385),
(2796, 'WVVIP-365', 6, '2022-12-13 21:26:15', 6, '2022-12-14 01:33:15', 3, 27453, 248645),
(2797, 'CNTF-305', 5, '2022-11-23 12:02:16', 10, '2022-11-23 14:43:16', 5, 66282, 155686),
(2798, 'PSMT-450', 5, '2022-12-07 20:23:59', 6, '2022-12-07 23:58:59', 1, 37587, 200470),
(2799, 'DD-176', 3, '2022-12-07 09:37:35', 6, '2022-12-07 14:23:35', 2, 36793, 210517),
(2800, 'SOJA-398', 3, '2022-12-27 22:13:00', 8, '2022-12-28 01:43:00', 3, 61073, 180720),
(2801, 'MANT-353', 6, '2022-12-12 01:29:27', 6, '2022-12-12 03:22:27', 5, 57751, 239485),
(2802, 'ONVI-343', 5, '2022-12-05 19:35:16', 9, '2022-12-06 00:29:16', 4, 71792, 234935),
(2803, 'FAB-789', 1, '2022-12-23 09:17:15', 6, '2022-12-23 11:35:15', 4, 31913, 229468),
(2804, 'FCFS-914', 1, '2022-12-13 03:33:29', 7, '2022-12-13 05:53:29', 1, 50135, 109833),
(2805, 'TSCO-769', 5, '2022-12-09 16:49:32', 8, '2022-12-09 18:51:32', 2, 36160, 271512),
(2806, 'AEMD-356', 4, '2022-12-26 18:52:12', 10, '2022-12-26 22:37:12', 4, 24990, 167542),
(2807, 'DSGX-69', 2, '2022-11-18 05:48:25', 10, '2022-11-18 10:19:25', 4, 64894, 159491),
(2808, 'PYDS-134', 3, '2022-12-19 10:42:41', 8, '2022-12-19 15:08:41', 5, 57796, 140488),
(2809, 'JOUT-787', 2, '2022-12-19 17:02:56', 6, '2022-12-19 21:05:56', 3, 31853, 220633),
(2810, 'HLNE-925', 6, '2022-11-23 04:32:05', 8, '2022-11-23 07:16:05', 5, 53798, 154023),
(2811, 'PCSB-297', 2, '2022-11-22 14:58:48', 7, '2022-11-22 16:44:48', 4, 29170, 164949),
(2812, 'SLG-357', 1, '2022-12-15 18:42:04', 9, '2022-12-15 21:58:04', 3, 77724, 218204),
(2813, 'FL-854', 2, '2022-12-08 02:11:33', 9, '2022-12-08 06:40:33', 5, 28440, 240015),
(2814, 'NGLS^A-637', 2, '2022-12-27 03:11:13', 7, '2022-12-27 05:20:13', 3, 79672, 228996),
(2815, 'MOS-288', 2, '2022-12-01 10:06:52', 9, '2022-12-01 14:28:52', 5, 48740, 193450),
(2816, 'SUMR-25', 2, '2022-12-28 22:28:57', 6, '2022-12-29 01:40:57', 1, 36429, 160606),
(2817, 'PNTR-861', 4, '2022-11-29 14:12:30', 9, '2022-11-29 17:24:30', 2, 73740, 240879),
(2818, 'NUVA-84', 2, '2022-12-20 16:35:15', 6, '2022-12-20 18:29:15', 3, 42601, 154769),
(2819, 'KODK.WS-90', 3, '2022-12-09 06:31:58', 6, '2022-12-09 09:48:58', 2, 54978, 204941),
(2820, 'FINQ-88', 5, '2022-12-16 14:42:26', 8, '2022-12-16 17:51:26', 3, 73026, 297227),
(2821, 'VTN-699', 2, '2022-12-01 13:21:02', 7, '2022-12-01 16:24:02', 3, 76131, 114551),
(2822, 'MFG-335', 3, '2022-12-23 03:40:46', 8, '2022-12-23 07:09:46', 1, 35035, 233258),
(2823, 'RSYS-211', 2, '2022-12-06 10:55:34', 6, '2022-12-06 13:40:34', 4, 30247, 229003),
(2824, 'AXAR-167', 2, '2022-11-28 05:07:19', 10, '2022-11-28 07:57:19', 4, 31447, 126571),
(2825, 'CTWS-749', 4, '2022-11-27 09:21:43', 6, '2022-11-27 12:17:43', 2, 21403, 265622),
(2826, 'CBSHP-376', 1, '2022-11-22 13:08:39', 7, '2022-11-22 17:29:39', 1, 68113, 233126),
(2827, 'VRAY-425', 1, '2022-12-14 06:09:04', 8, '2022-12-14 09:30:04', 1, 24788, 281545),
(2828, 'SID-361', 5, '2022-11-18 17:54:24', 7, '2022-11-18 21:16:24', 1, 59899, 222099),
(2829, 'ELF-259', 3, '2022-11-23 15:16:19', 9, '2022-11-23 19:41:19', 3, 79110, 134932),
(2830, 'KINS-403', 3, '2022-12-22 02:14:52', 8, '2022-12-22 06:53:52', 1, 59783, 240412),
(2831, 'CRDT-561', 2, '2022-12-02 13:11:37', 6, '2022-12-02 16:05:37', 3, 48897, 139181),
(2832, 'YPF-144', 4, '2022-12-12 03:53:40', 10, '2022-12-12 08:49:40', 4, 26432, 292971),
(2833, 'AZUL-909', 3, '2022-12-04 04:47:46', 9, '2022-12-04 08:57:46', 2, 46066, 200907),
(2834, 'CFG-728', 4, '2022-12-22 20:47:25', 9, '2022-12-22 22:33:25', 5, 63097, 251450),
(2835, 'SKLN-325', 4, '2022-12-23 04:23:53', 7, '2022-12-23 08:18:53', 1, 29234, 260880),
(2836, 'MDU-979', 2, '2022-11-29 22:53:42', 8, '2022-11-30 02:30:42', 1, 36155, 209642),
(2837, 'GALT-765', 5, '2022-12-05 10:54:18', 6, '2022-12-05 13:31:18', 3, 52638, 216486),
(2838, 'ITGR-147', 6, '2022-12-17 23:35:18', 10, '2022-12-18 02:34:18', 2, 73118, 256330),
(2839, 'DGICB-920', 4, '2022-12-07 00:16:01', 8, '2022-12-07 05:07:01', 1, 78994, 126991),
(2840, 'NIHD-160', 5, '2022-12-28 08:00:00', 6, '2022-12-28 11:31:00', 4, 73890, 102564),
(2841, 'SWX-295', 1, '2022-11-21 01:49:07', 9, '2022-11-21 04:41:07', 3, 74726, 132529),
(2842, 'CPLA-53', 1, '2022-11-27 11:28:58', 8, '2022-11-27 16:20:58', 3, 27247, 225612),
(2843, 'FGB-831', 2, '2022-11-19 23:10:50', 7, '2022-11-20 03:30:50', 1, 58889, 216511),
(2844, 'AET-76', 4, '2022-12-03 23:33:10', 10, '2022-12-04 01:47:10', 5, 61874, 220832),
(2845, 'ANGO-531', 4, '2022-11-30 20:18:55', 9, '2022-11-30 22:46:55', 1, 58313, 207626),
(2846, 'SPNS-351', 5, '2022-11-30 23:43:30', 10, '2022-12-01 04:09:30', 1, 58977, 172462),
(2847, 'NTEST.C-90', 6, '2022-12-09 09:55:07', 6, '2022-12-09 12:00:07', 3, 75390, 254122),
(2848, 'RAVN-12', 4, '2022-12-28 11:59:37', 7, '2022-12-28 16:12:37', 3, 62321, 298543),
(2849, 'JRJC-452', 2, '2022-11-23 10:38:27', 10, '2022-11-23 14:05:27', 1, 73435, 273269),
(2850, 'QYLD-603', 1, '2022-11-30 18:41:52', 8, '2022-11-30 23:28:52', 5, 20136, 130226),
(2851, 'MOS-922', 2, '2022-11-29 00:50:29', 10, '2022-11-29 05:06:29', 5, 44710, 135920),
(2852, 'NDRAU-361', 4, '2022-12-10 10:29:16', 10, '2022-12-10 15:02:16', 4, 62157, 138212),
(2853, 'EDAP-297', 6, '2022-12-01 02:34:32', 8, '2022-12-01 04:23:32', 1, 20918, 219784),
(2854, 'RSO^C-645', 4, '2022-12-21 22:02:02', 7, '2022-12-22 00:00:02', 5, 42288, 222269),
(2855, 'CLH-786', 6, '2022-12-20 13:18:47', 10, '2022-12-20 17:44:47', 3, 37525, 244883),
(2856, 'EBTC-415', 3, '2022-12-15 01:52:47', 7, '2022-12-15 04:09:47', 1, 74996, 294619),
(2857, 'PKD-482', 5, '2022-12-15 20:19:14', 10, '2022-12-16 00:23:14', 5, 54902, 180843),
(2858, 'ERF-362', 3, '2022-11-26 06:09:34', 7, '2022-11-26 09:17:34', 2, 76876, 188853),
(2859, 'TSE-905', 6, '2022-11-18 14:42:07', 7, '2022-11-18 17:08:07', 3, 74273, 283882),
(2860, 'IGOV-849', 6, '2022-11-25 14:55:26', 9, '2022-11-25 18:24:26', 3, 61884, 101299),
(2861, 'BKK-852', 3, '2022-12-04 15:59:31', 8, '2022-12-04 18:06:31', 3, 67280, 108711),
(2862, 'PSB^W-764', 5, '2022-11-25 19:24:36', 7, '2022-11-25 21:22:36', 1, 43881, 202761),
(2863, 'FALN-668', 2, '2022-12-14 02:43:39', 6, '2022-12-14 06:37:39', 5, 41182, 114877),
(2864, 'XRF-877', 2, '2022-12-27 18:10:45', 7, '2022-12-27 22:54:45', 3, 62583, 277119),
(2865, 'DTY-199', 6, '2022-12-22 07:22:16', 9, '2022-12-22 11:29:16', 3, 54581, 296554),
(2866, 'RENX-23', 2, '2022-11-25 01:54:54', 7, '2022-11-25 04:10:54', 1, 22559, 213602),
(2867, 'BGH-904', 3, '2022-12-25 17:55:29', 6, '2022-12-25 20:30:29', 1, 27443, 198793),
(2868, 'PEI^C-635', 6, '2022-12-19 04:49:20', 10, '2022-12-19 08:33:20', 4, 60159, 142994),
(2869, 'MA-101', 2, '2022-12-15 17:09:00', 6, '2022-12-15 20:36:00', 2, 25313, 270724),
(2870, 'ELLI-108', 4, '2022-12-01 04:33:40', 6, '2022-12-01 06:34:40', 3, 75849, 217148),
(2871, 'VWR-113', 6, '2022-11-24 21:32:46', 9, '2022-11-25 02:14:46', 3, 63057, 283588),
(2872, 'VCO-766', 3, '2022-12-27 01:02:52', 7, '2022-12-27 04:35:52', 5, 50843, 109405),
(2873, 'OCLR-991', 2, '2022-12-09 11:43:31', 8, '2022-12-09 14:32:31', 1, 48953, 229488),
(2874, 'ORN-524', 1, '2022-12-16 14:00:45', 10, '2022-12-16 18:32:45', 2, 57958, 296320),
(2875, 'YDIV-26', 1, '2022-11-26 07:10:26', 9, '2022-11-26 08:57:26', 1, 49344, 261133),
(2876, 'SAIA-991', 1, '2022-12-05 20:30:58', 8, '2022-12-05 22:58:58', 4, 42400, 257935),
(2877, 'BANX-926', 4, '2022-12-27 02:52:21', 7, '2022-12-27 06:43:21', 1, 59136, 126278),
(2878, 'LADR-133', 3, '2022-12-18 21:00:52', 9, '2022-12-19 00:20:52', 1, 78252, 131608),
(2879, 'TMST-387', 6, '2022-11-27 04:15:39', 10, '2022-11-27 07:07:39', 1, 35436, 123164),
(2880, 'ARCC-853', 6, '2022-12-14 06:50:07', 7, '2022-12-14 10:46:07', 3, 72885, 121380),
(2881, 'SUN-857', 3, '2022-12-29 10:40:54', 10, '2022-12-29 12:58:54', 1, 39997, 130431),
(2882, 'GSOL-767', 1, '2022-12-25 04:42:20', 9, '2022-12-25 06:25:20', 4, 45134, 211057),
(2883, 'KNL-122', 2, '2022-12-18 20:44:12', 6, '2022-12-18 22:53:12', 1, 66602, 252289),
(2884, 'AF^C-181', 5, '2022-12-15 09:53:42', 7, '2022-12-15 14:41:42', 2, 62164, 158014),
(2885, 'WLH-836', 3, '2022-12-16 14:49:13', 7, '2022-12-16 19:27:13', 4, 70479, 271362),
(2886, 'BUFF-680', 6, '2022-12-09 07:16:42', 6, '2022-12-09 09:11:42', 1, 32196, 138678),
(2887, 'NXTDW-213', 6, '2022-12-02 12:42:44', 8, '2022-12-02 17:42:44', 3, 25997, 139799),
(2888, 'ACIU-854', 5, '2022-12-07 08:41:46', 9, '2022-12-07 12:29:46', 5, 30920, 216654),
(2889, 'GPIA-611', 4, '2022-11-22 02:05:55', 9, '2022-11-22 06:41:55', 5, 54108, 194303),
(2890, 'ADES-762', 5, '2022-12-25 03:47:16', 9, '2022-12-25 08:19:16', 4, 76453, 186347),
(2891, 'SOHU-656', 5, '2022-11-23 18:40:56', 8, '2022-11-23 21:22:56', 5, 29503, 286469),
(2892, 'BML^G-325', 3, '2022-11-22 09:42:37', 6, '2022-11-22 13:08:37', 5, 37442, 227063),
(2893, 'CCCL-487', 2, '2022-12-15 09:07:06', 6, '2022-12-15 12:28:06', 5, 73448, 198900),
(2894, 'BLW-906', 6, '2022-11-28 17:01:35', 9, '2022-11-28 19:51:35', 4, 56252, 144226),
(2895, 'ACH-361', 2, '2022-11-25 06:02:47', 9, '2022-11-25 09:14:47', 1, 41074, 156835),
(2896, 'GNRX-958', 3, '2022-12-13 11:27:36', 7, '2022-12-13 13:46:36', 1, 69306, 233060),
(2897, 'AOSL-735', 3, '2022-11-22 10:03:59', 6, '2022-11-22 14:09:59', 4, 46998, 280730),
(2898, 'GPACW-473', 5, '2022-12-02 04:07:11', 6, '2022-12-02 07:51:11', 3, 69763, 196738),
(2899, 'MGCD-777', 6, '2022-11-30 12:54:19', 9, '2022-11-30 15:48:19', 5, 31206, 155616),
(2900, 'TS-581', 6, '2022-11-30 23:56:50', 8, '2022-12-01 04:05:50', 5, 32564, 113497),
(2901, 'FCX-374', 3, '2022-12-18 18:08:45', 7, '2022-12-18 21:55:45', 2, 60587, 115313),
(2902, 'SBBP-176', 3, '2022-12-05 06:56:39', 10, '2022-12-05 08:39:39', 3, 55346, 266653),
(2903, 'AGM^C-825', 5, '2022-12-11 03:06:36', 6, '2022-12-11 07:13:36', 4, 57561, 176685),
(2904, 'TREE-76', 3, '2022-11-18 13:12:49', 8, '2022-11-18 16:40:49', 5, 74662, 264317),
(2905, 'ATW-787', 2, '2022-12-29 22:06:20', 6, '2022-12-29 23:48:20', 2, 45599, 293537),
(2906, 'HBCP-35', 6, '2022-12-02 15:57:25', 6, '2022-12-02 18:28:25', 4, 25583, 244178),
(2907, 'AGN-390', 5, '2022-11-20 15:28:03', 8, '2022-11-20 19:11:03', 5, 52656, 164211),
(2908, 'KYE-296', 3, '2022-11-22 06:57:37', 6, '2022-11-22 09:28:37', 2, 34516, 162444),
(2909, 'PAVM-729', 1, '2022-12-09 08:05:21', 6, '2022-12-09 11:56:21', 1, 49813, 160542),
(2910, 'BNTCW-911', 4, '2022-12-07 13:31:44', 7, '2022-12-07 17:37:44', 5, 31055, 108414),
(2911, 'FMSA-868', 2, '2022-12-05 06:47:37', 9, '2022-12-05 09:13:37', 1, 67787, 175661),
(2912, 'NYMT-558', 3, '2022-12-30 11:12:02', 7, '2022-12-30 14:42:02', 4, 28079, 170143),
(2913, 'CATH-444', 2, '2022-11-21 14:12:42', 8, '2022-11-21 17:33:42', 3, 47075, 275983),
(2914, 'SPLS-985', 3, '2022-12-27 22:04:06', 6, '2022-12-28 00:06:06', 4, 53905, 272702),
(2915, 'AVAL-273', 3, '2022-11-21 15:16:37', 6, '2022-11-21 17:26:37', 4, 29547, 250002),
(2916, 'EBSB-477', 4, '2022-11-29 04:11:53', 7, '2022-11-29 07:57:53', 4, 60346, 249931),
(2917, 'LTEA-34', 6, '2022-11-28 22:06:05', 9, '2022-11-29 02:57:05', 4, 28598, 264742),
(2918, 'GRFS-159', 5, '2022-12-12 08:50:51', 8, '2022-12-12 13:16:51', 4, 75487, 263226),
(2919, 'GBL-786', 5, '2022-12-04 19:37:19', 10, '2022-12-05 00:07:19', 5, 79613, 290164),
(2920, 'VSDA-431', 6, '2022-12-02 10:14:41', 6, '2022-12-02 12:20:41', 3, 52301, 205751),
(2921, 'TAYD-46', 1, '2022-12-01 05:18:52', 7, '2022-12-01 07:57:52', 3, 73307, 290481),
(2922, 'GJT-59', 3, '2022-12-15 00:34:40', 10, '2022-12-15 05:01:40', 5, 47940, 231965),
(2923, 'CSGP-757', 2, '2022-12-20 07:51:04', 7, '2022-12-20 12:36:04', 4, 50929, 215466),
(2924, 'URBN-908', 4, '2022-12-01 21:12:37', 7, '2022-12-02 01:38:37', 1, 77642, 271622),
(2925, 'EVK-123', 6, '2022-12-07 09:59:41', 7, '2022-12-07 12:48:41', 4, 32028, 177394),
(2926, 'MMYT-464', 6, '2022-12-11 04:03:40', 7, '2022-12-11 06:44:40', 5, 49354, 198785),
(2927, 'CIF-168', 4, '2022-12-15 01:41:55', 7, '2022-12-15 06:15:55', 3, 46852, 297281),
(2928, 'FTXH-532', 3, '2022-11-21 11:36:07', 6, '2022-11-21 14:11:07', 4, 44129, 215671),
(2929, 'BKN-431', 4, '2022-12-30 22:22:02', 7, '2022-12-31 00:53:02', 3, 62466, 246606),
(2930, 'AMH^E-871', 4, '2022-12-12 09:50:42', 6, '2022-12-12 11:50:42', 5, 73878, 285771),
(2931, 'DAIO-473', 2, '2022-12-06 11:30:32', 9, '2022-12-06 14:33:32', 2, 20640, 166579),
(2932, 'NOC-241', 2, '2022-12-08 11:20:24', 6, '2022-12-08 14:33:24', 4, 20309, 236157),
(2933, 'QPACU-970', 6, '2022-11-24 23:10:41', 10, '2022-11-25 03:46:41', 1, 43852, 146287),
(2934, 'CPT-557', 5, '2022-12-14 23:41:09', 9, '2022-12-15 02:30:09', 2, 63518, 181607),
(2935, 'MHI-123', 1, '2022-12-10 20:01:29', 9, '2022-12-11 00:38:29', 4, 55615, 276095),
(2936, 'SEE-908', 4, '2022-12-08 11:53:59', 7, '2022-12-08 14:44:59', 1, 70680, 270212),
(2937, 'LTXB-126', 5, '2022-12-12 21:16:12', 8, '2022-12-13 00:17:12', 1, 28468, 144181),
(2938, 'JP-860', 2, '2022-12-17 06:38:55', 10, '2022-12-17 09:10:55', 1, 40212, 218942),
(2939, 'OXLCN-912', 6, '2022-12-16 08:06:53', 6, '2022-12-16 11:41:53', 1, 79676, 119682),
(2940, 'NEWTZ-255', 1, '2022-11-30 17:59:42', 10, '2022-11-30 20:27:42', 4, 56582, 151298),
(2941, 'SRUNW-105', 1, '2022-12-24 18:07:33', 8, '2022-12-24 20:09:33', 1, 65858, 220208),
(2942, 'HLIT-711', 2, '2022-12-13 19:57:26', 7, '2022-12-13 22:02:26', 5, 45833, 125349),
(2943, 'SUNW-169', 4, '2022-11-25 01:29:04', 6, '2022-11-25 06:00:04', 3, 69496, 287554),
(2944, 'CCC-26', 6, '2022-12-12 21:53:11', 9, '2022-12-13 02:50:11', 5, 45763, 123912),
(2945, 'OPHC-844', 6, '2022-12-03 23:29:52', 8, '2022-12-04 03:50:52', 4, 50856, 243937),
(2946, 'NTEST.B-59', 5, '2022-12-14 02:54:32', 8, '2022-12-14 06:39:32', 2, 36313, 125942),
(2947, 'PSB^V-335', 5, '2022-12-12 20:39:37', 8, '2022-12-13 01:07:37', 2, 35960, 159554),
(2948, 'PZZA-563', 3, '2022-11-19 02:11:32', 6, '2022-11-19 06:37:32', 5, 49129, 139437),
(2949, 'GLPG-470', 2, '2022-12-12 23:43:58', 6, '2022-12-13 03:46:58', 2, 32237, 178370),
(2950, 'LPNT-531', 1, '2022-11-27 00:10:11', 7, '2022-11-27 04:54:11', 3, 56822, 150366),
(2951, 'PKI-791', 6, '2022-12-01 08:34:45', 10, '2022-12-01 10:35:45', 2, 27043, 121045),
(2952, 'PHI-16', 5, '2022-11-25 19:25:48', 7, '2022-11-25 22:30:48', 5, 49321, 159848),
(2953, 'CUBE-244', 3, '2022-11-21 22:38:14', 8, '2022-11-22 03:29:14', 1, 79682, 110210),
(2954, 'DM-377', 6, '2022-11-19 12:15:04', 9, '2022-11-19 14:30:04', 5, 50889, 114911),
(2955, 'UAE-22', 1, '2022-12-22 04:34:36', 10, '2022-12-22 08:43:36', 5, 46710, 203605),
(2956, 'IFN-619', 2, '2022-12-07 02:26:16', 6, '2022-12-07 06:42:16', 5, 45674, 178150),
(2957, 'CLNS^C-127', 6, '2022-12-16 04:49:29', 10, '2022-12-16 08:14:29', 5, 54556, 181456),
(2958, 'SBGL-528', 6, '2022-11-23 13:12:46', 8, '2022-11-23 16:38:46', 1, 24316, 186939),
(2959, 'ESTE-524', 4, '2022-12-09 19:14:28', 8, '2022-12-09 23:24:28', 5, 62686, 258855),
(2960, 'TGH-992', 6, '2022-12-27 00:22:33', 6, '2022-12-27 04:08:33', 1, 44469, 200636),
(2961, 'FSZ-356', 6, '2022-12-23 00:31:43', 10, '2022-12-23 02:21:43', 5, 44337, 193550),
(2962, 'KTCC-973', 6, '2022-12-15 16:28:31', 6, '2022-12-15 20:17:31', 2, 74958, 139767),
(2963, 'APC-411', 4, '2022-12-26 22:25:22', 10, '2022-12-27 02:46:22', 1, 79333, 277377),
(2964, 'SAN-750', 3, '2022-12-05 04:23:36', 6, '2022-12-05 06:51:36', 5, 45922, 265751),
(2965, 'CNXC-292', 5, '2022-12-25 05:48:58', 6, '2022-12-25 10:31:58', 5, 32120, 239439),
(2966, 'MHK-693', 4, '2022-12-03 10:29:08', 6, '2022-12-03 12:13:08', 4, 24508, 237154),
(2967, 'SFBC-321', 1, '2022-12-05 09:46:11', 8, '2022-12-05 12:56:11', 1, 38520, 251474),
(2968, 'CAA-786', 4, '2022-12-23 11:22:45', 9, '2022-12-23 15:48:45', 4, 50870, 193377),
(2969, 'NSC-163', 5, '2022-12-30 19:00:41', 7, '2022-12-30 23:30:41', 2, 36989, 155170),
(2970, 'APOP-193', 1, '2022-12-21 17:55:26', 7, '2022-12-21 21:53:26', 5, 40188, 153617),
(2971, 'LGCYO-652', 6, '2022-12-02 03:10:03', 7, '2022-12-02 05:45:03', 2, 72382, 121119),
(2972, 'AGO^B-338', 6, '2022-11-19 03:33:03', 10, '2022-11-19 08:07:03', 4, 32628, 139019),
(2973, 'STRT-405', 1, '2022-11-19 23:15:35', 9, '2022-11-20 03:16:35', 1, 35738, 221117),
(2974, 'CRT-901', 4, '2022-12-08 20:51:58', 8, '2022-12-08 23:48:58', 2, 44981, 101965),
(2975, 'MMAC-483', 1, '2022-12-11 18:45:22', 8, '2022-12-11 22:06:22', 3, 46612, 286063),
(2976, 'CUNB-550', 1, '2022-12-25 11:22:33', 10, '2022-12-25 13:12:33', 5, 42746, 250111),
(2977, 'CPL-15', 2, '2022-11-24 12:43:06', 9, '2022-11-24 15:07:06', 2, 64545, 275663),
(2978, 'NAZ-345', 6, '2022-12-14 13:20:44', 6, '2022-12-14 15:40:44', 1, 48724, 289557),
(2979, 'AUBN-405', 1, '2022-12-01 06:50:34', 8, '2022-12-01 10:45:34', 1, 39818, 120062),
(2980, 'NBN-454', 4, '2022-12-02 08:22:00', 10, '2022-12-02 13:07:00', 1, 54254, 178190),
(2981, 'FARM-625', 4, '2022-12-25 02:22:07', 9, '2022-12-25 07:16:07', 3, 32285, 259670),
(2982, 'DGRS-78', 1, '2022-11-22 23:48:34', 10, '2022-11-23 02:53:34', 4, 78072, 111774),
(2983, 'TROV-599', 3, '2022-12-28 21:57:09', 6, '2022-12-29 02:31:09', 5, 65959, 171750),
(2984, 'TTGT-164', 4, '2022-12-30 06:29:38', 8, '2022-12-30 09:54:38', 1, 53666, 279699),
(2985, 'FDT-115', 5, '2022-11-18 20:25:24', 6, '2022-11-18 22:49:24', 4, 53751, 258206),
(2986, 'ASET-936', 6, '2022-11-23 08:04:34', 10, '2022-11-23 11:00:34', 3, 49093, 135238),
(2987, 'IIJI-962', 4, '2022-11-18 14:58:57', 9, '2022-11-18 17:49:57', 5, 71192, 167604),
(2988, 'DMLP-383', 1, '2022-12-21 22:44:49', 7, '2022-12-22 03:21:49', 4, 78509, 235388),
(2989, 'HP-15', 1, '2022-12-19 23:28:58', 6, '2022-12-20 04:01:58', 3, 46418, 279795),
(2990, 'OACQU-329', 5, '2022-12-04 20:32:01', 8, '2022-12-04 23:08:01', 1, 62939, 130596),
(2991, 'SMCI-595', 2, '2022-12-20 10:19:00', 9, '2022-12-20 12:20:00', 2, 42553, 115131),
(2992, 'MAUI-998', 2, '2022-12-28 11:17:48', 10, '2022-12-28 13:33:48', 5, 47897, 102187),
(2993, 'OXLCO-151', 6, '2022-12-05 11:06:29', 9, '2022-12-05 14:15:29', 1, 66822, 105749),
(2994, 'ONDK-781', 3, '2022-12-08 13:52:29', 7, '2022-12-08 17:12:29', 5, 36124, 201421),
(2995, 'ICHR-405', 3, '2022-11-21 01:25:54', 6, '2022-11-21 04:08:54', 4, 66766, 297082),
(2996, 'PNK-452', 1, '2022-11-29 09:15:55', 6, '2022-11-29 12:27:55', 3, 30882, 233462),
(2997, 'OXLCO-677', 5, '2022-12-04 18:58:34', 10, '2022-12-04 21:52:34', 5, 41281, 199504),
(2998, 'DCT-820', 1, '2022-12-20 05:51:37', 7, '2022-12-20 09:19:37', 4, 68198, 154789),
(2999, 'EPAM-959', 6, '2022-12-20 17:15:35', 9, '2022-12-20 20:49:35', 2, 77866, 230811),
(3000, 'SFST-372', 5, '2022-12-20 00:07:07', 6, '2022-12-20 01:50:07', 5, 44189, 128711),
(3001, 'NXR-964', 4, '2022-12-30 02:22:55', 9, '2022-12-30 04:05:55', 3, 60551, 162511),
(3002, 'DCT-664', 6, '2022-12-13 16:25:13', 6, '2022-12-13 20:31:13', 5, 26340, 296551),
(3003, 'MELI-805', 6, '2022-12-22 04:12:18', 7, '2022-12-22 07:49:18', 3, 73774, 286390),
(3004, 'GS^B-830', 6, '2022-11-25 20:28:45', 7, '2022-11-25 22:50:45', 5, 29713, 252038),
(3005, 'KNOP-945', 2, '2022-12-14 07:28:15', 8, '2022-12-14 10:27:15', 3, 65189, 237303),
(3006, 'SMMT-302', 3, '2022-12-21 10:21:19', 9, '2022-12-21 12:54:19', 1, 62525, 212723),
(3007, 'MSCC-455', 2, '2022-11-28 06:25:04', 10, '2022-11-28 10:11:04', 3, 62608, 188584),
(3008, 'BLX-298', 3, '2022-12-25 01:34:16', 8, '2022-12-25 04:54:16', 1, 63432, 194936),
(3009, 'SRI-551', 5, '2022-11-29 10:14:40', 6, '2022-11-29 11:56:40', 5, 32318, 177628),
(3010, 'IEX-115', 6, '2022-12-30 18:24:40', 7, '2022-12-30 20:39:40', 5, 22157, 196247),
(3011, 'HFC-825', 6, '2022-12-09 12:59:28', 6, '2022-12-09 17:30:28', 2, 46199, 157751),
(3012, 'FV-826', 6, '2022-12-04 23:07:59', 7, '2022-12-05 01:16:59', 3, 44567, 240210),
(3013, 'HTBK-348', 1, '2022-12-12 08:49:34', 10, '2022-12-12 13:48:34', 4, 57592, 177535),
(3014, 'ASBB-860', 4, '2022-12-17 02:41:39', 8, '2022-12-17 07:20:39', 1, 60005, 271842),
(3015, 'CPAAW-124', 3, '2022-12-30 23:10:34', 7, '2022-12-31 01:59:34', 2, 40761, 230683),
(3016, 'TRU-516', 4, '2022-11-30 14:50:31', 9, '2022-11-30 18:01:31', 4, 54289, 254422),
(3017, 'CCP-699', 6, '2022-12-14 13:43:21', 6, '2022-12-14 17:15:21', 4, 39522, 296620),
(3018, 'CHFS-845', 2, '2022-11-24 16:11:11', 10, '2022-11-24 18:47:11', 1, 28777, 164616),
(3019, 'JASN-511', 1, '2022-12-06 22:53:37', 8, '2022-12-07 02:03:37', 3, 39454, 178846),
(3020, 'INAP-579', 6, '2022-11-29 05:58:00', 8, '2022-11-29 09:16:00', 4, 24593, 235308),
(3021, 'SXT-524', 3, '2022-12-21 22:25:50', 6, '2022-12-22 01:20:50', 2, 62505, 124510),
(3022, 'STLR-786', 1, '2022-12-04 17:36:59', 10, '2022-12-04 21:00:59', 3, 46567, 118903),
(3023, 'SGY-647', 2, '2022-12-16 20:32:43', 10, '2022-12-16 23:48:43', 2, 38717, 204610),
(3024, 'IRS-582', 4, '2022-12-28 01:00:28', 6, '2022-12-28 05:47:28', 2, 72096, 210702),
(3025, 'NCIT-341', 5, '2022-12-22 16:27:50', 7, '2022-12-22 21:25:50', 4, 53217, 245717),
(3026, 'EGBN-39', 6, '2022-12-10 01:57:55', 10, '2022-12-10 06:36:55', 1, 54066, 105170),
(3027, 'SBUX-895', 1, '2022-12-30 00:22:05', 10, '2022-12-30 04:29:05', 1, 25739, 129341),
(3028, 'AEGN-844', 4, '2022-11-27 17:23:59', 6, '2022-11-27 19:57:59', 3, 20458, 274538),
(3029, 'CVGW-556', 6, '2022-11-19 18:45:18', 6, '2022-11-19 23:03:18', 3, 51238, 224477),
(3030, 'LRCX-739', 5, '2022-12-13 05:18:30', 6, '2022-12-13 09:46:30', 1, 25734, 165601),
(3031, 'BTE-679', 1, '2022-11-23 23:21:08', 7, '2022-11-24 01:07:08', 5, 25044, 296160),
(3032, 'EXTN-576', 3, '2022-11-25 07:41:16', 7, '2022-11-25 11:36:16', 5, 34453, 275010),
(3033, 'SSD-66', 2, '2022-12-05 02:39:20', 9, '2022-12-05 05:41:20', 5, 59777, 205022),
(3034, 'WLKP-357', 5, '2022-12-15 05:40:07', 6, '2022-12-15 07:57:07', 5, 73762, 143454),
(3035, 'SBS-49', 4, '2022-11-22 19:11:31', 8, '2022-11-22 23:21:31', 4, 51519, 291039),
(3036, 'CRAI-869', 4, '2022-12-27 07:33:40', 8, '2022-12-27 12:25:40', 2, 63601, 275533),
(3037, 'GTT-318', 5, '2022-11-30 20:29:45', 8, '2022-12-01 01:01:45', 1, 53834, 251090),
(3038, 'CBOE-841', 2, '2022-12-24 16:28:04', 6, '2022-12-24 19:00:04', 3, 50270, 200486),
(3039, 'COWN-499', 1, '2022-12-14 21:19:10', 7, '2022-12-15 00:30:10', 3, 50830, 106389),
(3040, 'BUR-370', 6, '2022-12-23 10:21:53', 6, '2022-12-23 14:25:53', 1, 60329, 179638),
(3041, 'SYKE-568', 2, '2022-12-25 23:23:27', 10, '2022-12-26 01:41:27', 4, 71734, 139672),
(3042, 'NNBR-325', 5, '2022-12-11 07:01:22', 10, '2022-12-11 09:33:22', 5, 76589, 101266),
(3043, 'ENR-969', 6, '2022-12-24 21:21:19', 6, '2022-12-25 00:45:19', 5, 74720, 187847),
(3044, 'FTR-973', 5, '2022-12-03 04:19:23', 8, '2022-12-03 09:09:23', 5, 34057, 287608),
(3045, 'GAB-959', 6, '2022-12-01 20:24:15', 6, '2022-12-01 23:26:15', 1, 66821, 209269),
(3046, 'RMT-676', 3, '2022-12-20 08:19:52', 8, '2022-12-20 11:14:52', 1, 59926, 113608),
(3047, 'EMKR-302', 6, '2022-11-21 14:28:28', 10, '2022-11-21 19:06:28', 4, 23748, 264737),
(3048, 'IPDN-312', 6, '2022-11-27 15:09:42', 10, '2022-11-27 19:47:42', 4, 67139, 274856),
(3049, 'GLUU-601', 2, '2022-11-30 04:28:25', 8, '2022-11-30 08:22:25', 2, 24089, 149529),
(3050, 'NUW-243', 1, '2022-12-27 20:10:21', 7, '2022-12-27 23:35:21', 5, 24871, 213081),
(3051, 'DTYS-848', 1, '2022-12-13 12:29:48', 8, '2022-12-13 15:05:48', 1, 40112, 237867),
(3052, 'HLIT-659', 4, '2022-12-04 14:02:46', 6, '2022-12-04 17:32:46', 5, 63608, 297336),
(3053, 'MIK-495', 1, '2022-12-26 04:28:31', 10, '2022-12-26 06:19:31', 5, 52466, 293940),
(3054, 'PRH-433', 6, '2022-12-24 08:13:52', 9, '2022-12-24 11:49:52', 1, 60183, 202426),
(3055, 'OKS-865', 5, '2022-12-11 11:10:07', 6, '2022-12-11 15:55:07', 2, 48560, 134112),
(3056, 'GERN-957', 5, '2022-11-19 00:24:41', 7, '2022-11-19 03:39:41', 5, 34417, 147753),
(3057, 'EBF-35', 6, '2022-11-27 02:01:11', 8, '2022-11-27 04:27:11', 1, 66433, 283253),
(3058, 'AMX-646', 1, '2022-12-25 07:14:28', 7, '2022-12-25 09:49:28', 4, 74909, 268614),
(3059, 'PER-232', 6, '2022-12-10 14:20:14', 8, '2022-12-10 18:28:14', 2, 59100, 207179),
(3060, 'DAN-69', 6, '2022-12-23 15:23:36', 8, '2022-12-23 17:21:36', 5, 32457, 204551),
(3061, 'AP-141', 2, '2022-11-20 11:24:31', 7, '2022-11-20 13:12:31', 1, 29275, 233022),
(3062, 'BCPC-633', 6, '2022-12-30 01:43:34', 8, '2022-12-30 03:25:34', 3, 73487, 206458),
(3063, 'WTI-357', 6, '2022-11-22 03:16:06', 8, '2022-11-22 06:42:06', 1, 35259, 280386),
(3064, 'FRPH-741', 4, '2022-12-15 12:41:15', 9, '2022-12-15 17:19:15', 2, 67113, 126069),
(3065, 'ADRO-356', 1, '2022-12-25 06:13:08', 10, '2022-12-25 09:54:08', 2, 49054, 226068),
(3066, 'AMMA-612', 1, '2022-11-24 20:03:34', 10, '2022-11-24 23:54:34', 3, 65708, 153645),
(3067, 'PTCT-61', 1, '2022-12-20 20:11:25', 8, '2022-12-20 23:55:25', 1, 43647, 136871),
(3068, 'CVI-372', 5, '2022-12-03 19:11:56', 9, '2022-12-03 23:20:56', 1, 46490, 141586),
(3069, 'CORT-591', 4, '2022-12-14 22:13:16', 8, '2022-12-15 02:24:16', 2, 25934, 286374),
(3070, 'GOLD-414', 6, '2022-11-28 00:46:46', 7, '2022-11-28 05:34:46', 1, 39217, 299060),
(3071, 'RHT-452', 1, '2022-11-23 01:29:59', 8, '2022-11-23 05:04:59', 4, 68170, 172658),
(3072, 'KNL-722', 3, '2022-12-22 01:27:46', 9, '2022-12-22 05:21:46', 2, 58129, 203908),
(3073, 'MDWD-278', 1, '2022-12-16 11:11:29', 10, '2022-12-16 13:25:29', 4, 48539, 133710),
(3074, 'DISCB-911', 3, '2022-11-29 12:14:43', 6, '2022-11-29 15:33:43', 4, 34994, 289025),
(3075, 'BCRX-972', 6, '2022-12-24 06:46:44', 10, '2022-12-24 10:01:44', 2, 31197, 131248),
(3076, 'CORT-987', 5, '2022-12-18 21:02:23', 8, '2022-12-19 01:47:23', 1, 51105, 115960),
(3077, 'HLG-916', 1, '2022-11-24 15:59:50', 9, '2022-11-24 19:08:50', 4, 24650, 125249),
(3078, 'KAP-62', 3, '2022-12-16 17:50:02', 6, '2022-12-16 19:53:02', 2, 60909, 222475),
(3079, 'DSX-429', 3, '2022-12-30 06:19:42', 9, '2022-12-30 09:02:42', 1, 47367, 274270),
(3080, 'FNV-80', 3, '2022-12-24 14:49:20', 7, '2022-12-24 17:36:20', 4, 44945, 238238),
(3081, 'SXT-47', 5, '2022-12-12 07:13:52', 6, '2022-12-12 11:54:52', 2, 31295, 203713),
(3082, 'SHEN-322', 1, '2022-11-20 04:05:31', 8, '2022-11-20 08:52:31', 2, 41303, 101034),
(3083, 'WWD-174', 1, '2022-11-28 19:30:13', 9, '2022-11-28 22:37:13', 5, 47976, 226874),
(3084, 'ATW-964', 2, '2022-12-19 04:28:48', 10, '2022-12-19 06:59:48', 4, 48327, 241638),
(3085, 'DTQ-157', 6, '2022-12-25 09:51:50', 6, '2022-12-25 11:51:50', 4, 67666, 214512),
(3086, 'RDY-785', 2, '2022-11-25 15:40:25', 10, '2022-11-25 19:00:25', 3, 32423, 206686),
(3087, 'BXC-715', 1, '2022-12-16 09:16:14', 8, '2022-12-16 12:36:14', 1, 35548, 146759),
(3088, 'CETXW-179', 6, '2022-11-26 00:14:43', 7, '2022-11-26 02:50:43', 5, 30684, 154545),
(3089, 'BBGI-845', 1, '2022-12-10 04:40:04', 8, '2022-12-10 08:43:04', 3, 78365, 253862),
(3090, 'AHC-157', 4, '2022-12-15 01:10:58', 10, '2022-12-15 02:50:58', 1, 44657, 216860),
(3091, 'UBP^G-799', 1, '2022-12-26 15:19:54', 6, '2022-12-26 19:49:54', 2, 78717, 199421),
(3092, 'NEE^Q-20', 5, '2022-12-01 19:24:00', 8, '2022-12-02 00:13:00', 3, 59963, 295576),
(3093, 'MBI-779', 1, '2022-12-16 17:02:18', 9, '2022-12-16 20:21:18', 4, 29984, 105378),
(3094, 'PRN-854', 3, '2022-11-22 23:11:18', 9, '2022-11-23 01:42:18', 1, 63035, 158037),
(3095, 'DRYS-683', 2, '2022-11-21 20:10:14', 7, '2022-11-22 00:23:14', 5, 42125, 274527),
(3096, 'SBCF-788', 5, '2022-12-20 18:43:17', 10, '2022-12-20 23:11:17', 1, 26993, 145415),
(3097, 'JBL-343', 5, '2022-12-06 06:40:35', 6, '2022-12-06 11:27:35', 2, 36666, 158762),
(3098, 'XCRA-849', 6, '2022-12-24 10:45:50', 9, '2022-12-24 15:39:50', 2, 58909, 221444),
(3099, 'NGHCZ-393', 1, '2022-12-23 08:00:19', 7, '2022-12-23 11:15:19', 2, 42023, 135162),
(3100, 'QCP-222', 4, '2022-11-18 21:34:41', 10, '2022-11-19 00:28:41', 5, 51686, 172676),
(3101, 'TIVO-712', 6, '2022-12-13 14:38:14', 9, '2022-12-13 17:09:14', 1, 26934, 124114),
(3102, 'BYFC-415', 5, '2022-12-29 14:03:49', 7, '2022-12-29 19:01:49', 2, 27429, 204035),
(3103, 'BML^I-725', 2, '2022-12-07 02:57:39', 6, '2022-12-07 07:18:39', 4, 34099, 158123),
(3104, 'TLND-481', 3, '2022-12-23 01:11:24', 6, '2022-12-23 05:41:24', 3, 71198, 172661),
(3105, 'MEET-722', 4, '2022-11-30 06:15:04', 8, '2022-11-30 09:58:04', 3, 46344, 101193),
(3106, 'LVNTB-243', 4, '2022-12-14 17:42:48', 6, '2022-12-14 22:21:48', 2, 58440, 237474),
(3107, 'VGI-808', 3, '2022-12-27 19:44:44', 10, '2022-12-27 21:40:44', 5, 56610, 172763),
(3108, 'FBMS-369', 1, '2022-12-27 10:45:20', 9, '2022-12-27 12:50:20', 4, 77155, 237761),
(3109, 'PSTG-558', 2, '2022-11-28 14:27:47', 7, '2022-11-28 17:56:47', 2, 24471, 231634),
(3110, 'APPF-818', 4, '2022-11-21 13:01:10', 7, '2022-11-21 16:46:10', 3, 27209, 143719),
(3111, 'UTSI-738', 2, '2022-12-08 09:00:27', 9, '2022-12-08 12:40:27', 4, 32910, 215100),
(3112, 'DLHC-70', 1, '2022-12-06 11:24:50', 10, '2022-12-06 16:24:50', 3, 48968, 295662),
(3113, 'GEB-912', 1, '2022-11-21 18:31:29', 8, '2022-11-21 22:16:29', 5, 79891, 138591),
(3114, 'WTS-53', 1, '2022-12-20 06:26:39', 9, '2022-12-20 10:12:39', 1, 69270, 260385),
(3115, 'FSCFL-780', 3, '2022-12-09 16:31:40', 8, '2022-12-09 19:03:40', 4, 51597, 223420),
(3116, 'WPT-863', 6, '2022-11-22 06:10:21', 10, '2022-11-22 08:12:21', 4, 40878, 135728),
(3117, 'NTG-949', 3, '2022-12-23 08:39:49', 10, '2022-12-23 12:42:49', 1, 49882, 225226),
(3118, 'MS^G-941', 3, '2022-12-30 18:37:45', 9, '2022-12-30 23:18:45', 1, 42241, 246480),
(3119, 'CNO-794', 6, '2022-12-20 21:45:23', 10, '2022-12-21 00:42:23', 1, 52027, 264281),
(3120, 'SUNW-241', 5, '2022-12-23 19:44:43', 7, '2022-12-23 22:01:43', 2, 40400, 282484),
(3121, 'SSRI-869', 6, '2022-12-12 21:42:45', 6, '2022-12-12 23:51:45', 5, 46137, 267266),
(3122, 'CPSH-616', 1, '2022-12-13 13:56:39', 10, '2022-12-13 16:12:39', 3, 68121, 293952),
(3123, 'LARK-358', 3, '2022-12-20 05:45:43', 9, '2022-12-20 08:00:43', 1, 59886, 135321),
(3124, 'LSBK-11', 5, '2022-11-22 11:49:41', 10, '2022-11-22 14:04:41', 5, 66673, 166058),
(3125, 'INVE-160', 4, '2022-11-22 18:05:28', 8, '2022-11-22 20:03:28', 5, 26217, 139575),
(3126, 'GUID-216', 4, '2022-12-16 00:45:42', 8, '2022-12-16 05:21:42', 2, 51923, 231282),
(3127, 'FNGN-781', 2, '2022-11-28 00:45:14', 9, '2022-11-28 05:09:14', 2, 68488, 234306),
(3128, 'UBS-995', 3, '2022-12-22 04:27:50', 10, '2022-12-22 08:00:50', 4, 46943, 177988),
(3129, 'FMCIU-778', 4, '2022-12-15 09:35:12', 6, '2022-12-15 11:55:12', 4, 23218, 228199),
(3130, 'JAG-248', 5, '2022-12-24 15:41:09', 6, '2022-12-24 20:17:09', 5, 39654, 199806),
(3131, 'SNGXW-23', 3, '2022-12-25 15:14:18', 6, '2022-12-25 18:52:18', 3, 55713, 129897),
(3132, 'TYHT-988', 6, '2022-12-04 12:58:08', 8, '2022-12-04 16:09:08', 4, 43826, 181563),
(3133, 'BLRX-394', 3, '2022-12-02 05:39:05', 6, '2022-12-02 10:05:05', 4, 26039, 162080),
(3134, 'STNG-145', 4, '2022-12-27 16:48:35', 7, '2022-12-27 21:43:35', 5, 46368, 224757),
(3135, 'TG-547', 2, '2022-12-17 11:29:23', 6, '2022-12-17 14:47:23', 3, 41300, 272470),
(3136, 'THST-508', 4, '2022-11-29 00:07:43', 6, '2022-11-29 04:24:43', 3, 64255, 120990),
(3137, 'NMR-453', 3, '2022-12-24 02:40:18', 9, '2022-12-24 07:17:18', 2, 50472, 273476),
(3138, 'LMOS-614', 2, '2022-12-06 22:59:32', 7, '2022-12-07 03:20:32', 1, 33297, 109164),
(3139, 'CSX-796', 5, '2022-11-30 04:31:12', 9, '2022-11-30 09:27:12', 1, 60242, 149002),
(3140, 'TRMR-497', 4, '2022-12-11 17:47:01', 6, '2022-12-11 20:34:01', 3, 28389, 173587),
(3141, 'CHUBA-582', 4, '2022-12-15 20:06:07', 8, '2022-12-15 23:29:07', 1, 58745, 225354),
(3142, 'LGCY-180', 1, '2022-12-18 07:10:58', 6, '2022-12-18 09:12:58', 4, 54474, 282752),
(3143, 'ATNI-30', 3, '2022-12-29 18:55:44', 9, '2022-12-29 22:15:44', 5, 75020, 183430),
(3144, 'HFBL-10', 6, '2022-11-25 19:36:12', 9, '2022-11-25 22:45:12', 2, 25264, 287146),
(3145, 'ANAB-66', 3, '2022-12-21 08:14:05', 9, '2022-12-21 12:28:05', 4, 70917, 207728),
(3146, 'DWLV-698', 6, '2022-12-27 13:54:22', 10, '2022-12-27 17:51:22', 5, 34473, 203896),
(3147, 'TNP^E-84', 2, '2022-11-25 21:06:33', 9, '2022-11-26 01:23:33', 4, 20961, 256002),
(3148, 'ADTN-589', 1, '2022-12-03 14:48:28', 10, '2022-12-03 17:01:28', 3, 40917, 132073),
(3149, 'SNA-86', 2, '2022-11-22 10:02:40', 10, '2022-11-22 12:17:40', 5, 23310, 192481),
(3150, 'LII-730', 6, '2022-12-07 03:26:25', 8, '2022-12-07 06:59:25', 4, 65270, 189264),
(3151, 'PVTB-120', 1, '2022-12-24 23:00:33', 7, '2022-12-25 01:48:33', 1, 43211, 257998),
(3152, 'AIRT-871', 4, '2022-11-25 13:13:36', 8, '2022-11-25 16:25:36', 1, 75692, 111677),
(3153, 'APEN-781', 3, '2022-11-27 19:13:52', 10, '2022-11-28 00:11:52', 5, 52846, 151390),
(3154, 'TROW-205', 4, '2022-11-18 12:19:57', 10, '2022-11-18 15:26:57', 5, 30505, 228836),
(3155, 'SHLX-635', 2, '2022-11-22 01:47:43', 9, '2022-11-22 04:20:43', 4, 76277, 192387),
(3156, 'STAG^B-319', 3, '2022-11-29 20:09:09', 8, '2022-11-29 23:15:09', 3, 47800, 130494),
(3157, 'CSWC-789', 1, '2022-12-28 09:00:29', 6, '2022-12-28 10:50:29', 1, 64295, 144458),
(3158, 'DGLD-820', 1, '2022-11-18 00:07:03', 7, '2022-11-18 04:41:03', 5, 57182, 132098),
(3159, 'FGP-813', 4, '2022-12-10 08:44:40', 9, '2022-12-10 11:37:40', 4, 64702, 299371),
(3160, 'PPHM-285', 1, '2022-12-27 13:28:43', 8, '2022-12-27 15:18:43', 4, 44600, 256829),
(3161, 'TEAR-355', 2, '2022-11-18 16:26:31', 6, '2022-11-18 20:58:31', 2, 41257, 139619),
(3162, 'DXYN-454', 2, '2022-12-25 15:47:39', 9, '2022-12-25 19:19:39', 4, 47711, 295073),
(3163, 'LII-827', 1, '2022-12-03 05:38:08', 10, '2022-12-03 08:19:08', 3, 46353, 194499),
(3164, 'AGO^F-206', 5, '2022-12-07 09:35:35', 7, '2022-12-07 11:40:35', 4, 28730, 106042),
(3165, 'STRL-324', 4, '2022-12-03 15:37:54', 10, '2022-12-03 18:03:54', 4, 73088, 287664),
(3166, 'KMM-388', 2, '2022-11-19 15:11:18', 8, '2022-11-19 19:09:18', 4, 55213, 281780),
(3167, 'AZZ-452', 2, '2022-12-21 11:31:09', 8, '2022-12-21 16:18:09', 1, 35996, 104780),
(3168, 'IRBT-816', 1, '2022-12-21 04:27:27', 10, '2022-12-21 07:56:27', 4, 79488, 242418),
(3169, 'UAE-23', 6, '2022-12-30 14:56:36', 6, '2022-12-30 17:22:36', 3, 43551, 100087),
(3170, 'SSP-88', 1, '2022-11-28 12:34:22', 10, '2022-11-28 16:10:22', 3, 56096, 285826),
(3171, 'JMM-531', 1, '2022-11-21 00:57:07', 8, '2022-11-21 03:27:07', 3, 54542, 142587),
(3172, 'AFGH-937', 5, '2022-12-25 08:06:02', 6, '2022-12-25 10:26:02', 4, 62542, 280741),
(3173, 'GPP-755', 4, '2022-12-24 00:52:00', 6, '2022-12-24 05:13:00', 3, 52600, 252286),
(3174, 'EYEG-779', 5, '2022-12-11 02:19:16', 9, '2022-12-11 05:11:16', 5, 57618, 215181),
(3175, 'CFMS-366', 6, '2022-11-30 08:57:37', 7, '2022-11-30 12:50:37', 4, 45202, 226165),
(3176, 'PRO-547', 4, '2022-12-01 08:24:22', 7, '2022-12-01 10:10:22', 5, 63850, 251503),
(3177, 'WR-289', 6, '2022-12-26 11:09:42', 7, '2022-12-26 13:47:42', 2, 28576, 155592),
(3178, 'PNI-204', 5, '2022-12-01 00:10:26', 9, '2022-12-01 03:11:26', 1, 32391, 140582),
(3179, 'MBFIP-720', 4, '2022-12-21 23:11:57', 8, '2022-12-22 03:42:57', 3, 35655, 246343),
(3180, 'SMG-616', 4, '2022-12-12 21:04:01', 7, '2022-12-13 00:23:01', 2, 24691, 275709),
(3181, 'OMCL-998', 6, '2022-11-28 04:10:19', 8, '2022-11-28 06:48:19', 1, 63999, 259428),
(3182, 'JCS-871', 1, '2022-12-25 12:51:53', 7, '2022-12-25 15:00:53', 1, 50872, 174392),
(3183, 'BECN-359', 6, '2022-11-28 03:38:30', 10, '2022-11-28 08:28:30', 5, 42269, 229073),
(3184, 'HIG-112', 1, '2022-12-18 17:28:22', 7, '2022-12-18 20:18:22', 2, 34253, 119716),
(3185, 'STAA-427', 2, '2022-12-15 16:29:51', 7, '2022-12-15 20:26:51', 5, 77042, 173343),
(3186, 'TCRD-246', 6, '2022-12-02 19:12:10', 9, '2022-12-02 21:48:10', 3, 40789, 198513),
(3187, 'MBT-422', 5, '2022-12-05 00:47:32', 9, '2022-12-05 04:41:32', 2, 53206, 165089),
(3188, 'ROK-889', 2, '2022-11-23 00:28:23', 10, '2022-11-23 05:23:23', 5, 27540, 298559),
(3189, 'ETW-211', 2, '2022-12-19 07:57:49', 10, '2022-12-19 11:31:49', 2, 26734, 211451),
(3190, 'CLDX-642', 4, '2022-12-29 17:58:08', 10, '2022-12-29 21:02:08', 3, 26910, 152224),
(3191, 'BBT^D-722', 5, '2022-11-30 14:56:38', 7, '2022-11-30 19:36:38', 5, 72266, 216494),
(3192, 'HSNI-782', 5, '2022-12-23 14:27:09', 10, '2022-12-23 17:54:09', 1, 57068, 128619),
(3193, 'APDN-226', 5, '2022-12-15 14:18:35', 9, '2022-12-15 17:32:35', 3, 20101, 257309),
(3194, 'AOI-615', 2, '2022-12-05 22:34:53', 8, '2022-12-06 01:41:53', 3, 54701, 150287),
(3195, 'ITEQ-404', 1, '2022-12-07 07:39:30', 8, '2022-12-07 11:03:30', 3, 60558, 179079);
INSERT INTO `flights` (`id`, `code`, `airline_id`, `departure_time`, `departure_city_id`, `arrival_time`, `arrival_city_id`, `price_economy`, `price_business`) VALUES
(3196, 'NXPI-329', 6, '2022-11-30 20:07:37', 10, '2022-11-30 23:45:37', 5, 23203, 125371),
(3197, 'BV-189', 3, '2022-11-30 07:09:55', 6, '2022-11-30 10:10:55', 3, 26315, 193621),
(3198, 'BDX-558', 5, '2022-12-27 07:01:15', 10, '2022-12-27 09:18:15', 5, 76937, 287325),
(3199, 'MKC-356', 2, '2022-12-24 00:38:54', 10, '2022-12-24 03:15:54', 2, 54438, 107563),
(3200, 'ABBV-263', 2, '2022-12-10 23:24:56', 9, '2022-12-11 03:52:56', 3, 61320, 115590),
(3201, 'TRIP-193', 1, '2022-12-30 20:36:36', 6, '2022-12-30 22:39:36', 1, 54759, 293936),
(3202, 'TEF-975', 1, '2022-12-23 00:40:28', 10, '2022-12-23 03:26:28', 3, 55150, 145945),
(3203, 'MMDMU-261', 6, '2022-12-03 05:42:43', 7, '2022-12-03 09:09:43', 4, 30529, 180690),
(3204, 'SYNL-812', 5, '2022-12-06 18:32:28', 8, '2022-12-06 23:13:28', 2, 59808, 185830),
(3205, 'PBFX-41', 1, '2022-11-24 02:18:10', 8, '2022-11-24 06:54:10', 3, 71560, 150947),
(3206, 'BWG-433', 5, '2022-12-07 00:30:28', 7, '2022-12-07 03:31:28', 3, 58425, 106576),
(3207, 'OZM-603', 5, '2022-12-24 20:40:58', 8, '2022-12-25 00:27:58', 4, 66835, 129696),
(3208, 'OMAB-936', 3, '2022-12-27 09:07:59', 6, '2022-12-27 13:21:59', 2, 68508, 248871),
(3209, 'TROX-891', 4, '2022-12-11 12:28:25', 7, '2022-12-11 17:18:25', 5, 70871, 121714),
(3210, 'TDJ-378', 5, '2022-12-30 01:42:02', 6, '2022-12-30 05:36:02', 1, 49856, 211585),
(3211, 'USG-757', 6, '2022-11-19 22:12:40', 10, '2022-11-20 02:59:40', 1, 52172, 109342),
(3212, 'CID-284', 1, '2022-11-19 09:11:42', 10, '2022-11-19 11:59:42', 3, 25892, 131345),
(3213, 'NYCB-941', 6, '2022-12-23 06:16:35', 7, '2022-12-23 11:14:35', 3, 30636, 288620),
(3214, 'DNI-179', 3, '2022-12-05 15:21:09', 9, '2022-12-05 18:03:09', 3, 46198, 247190),
(3215, 'CRMT-163', 3, '2022-12-09 17:35:04', 8, '2022-12-09 22:03:04', 2, 20355, 265916),
(3216, 'SHIPW-520', 1, '2022-11-18 12:18:04', 8, '2022-11-18 14:03:04', 5, 77444, 258999),
(3217, 'LBIX-265', 6, '2022-12-03 12:26:47', 9, '2022-12-03 15:33:47', 4, 50841, 125903),
(3218, 'IP-610', 4, '2022-12-20 06:16:53', 10, '2022-12-20 10:04:53', 3, 45052, 205349),
(3219, 'BPFHW-150', 1, '2022-12-10 05:25:54', 10, '2022-12-10 09:10:54', 1, 24216, 249055),
(3220, 'GASS-842', 1, '2022-12-18 21:59:56', 10, '2022-12-19 02:12:56', 4, 42437, 281525),
(3221, 'QQEW-385', 2, '2022-12-20 18:51:20', 10, '2022-12-20 23:22:20', 1, 76023, 213389),
(3222, 'FHN-128', 3, '2022-11-23 14:56:29', 6, '2022-11-23 18:20:29', 2, 24562, 138491),
(3223, 'ESRT-912', 2, '2022-12-08 12:05:52', 9, '2022-12-08 14:22:52', 2, 40161, 230851),
(3224, 'CLSN-684', 5, '2022-12-26 03:12:02', 7, '2022-12-26 04:54:02', 3, 46119, 140477),
(3225, 'HFBL-358', 4, '2022-12-29 17:43:02', 8, '2022-12-29 22:22:02', 5, 69572, 261455),
(3226, 'LSXMA-847', 2, '2022-12-17 04:53:12', 6, '2022-12-17 08:06:12', 3, 79883, 180638),
(3227, 'NBD-348', 1, '2022-11-21 06:47:18', 9, '2022-11-21 10:16:18', 2, 44608, 186450),
(3228, 'CUNB-28', 5, '2022-11-28 23:23:41', 10, '2022-11-29 01:38:41', 2, 24677, 138022),
(3229, 'KEY^I-387', 5, '2022-11-26 18:05:45', 7, '2022-11-26 22:27:45', 4, 20894, 202589),
(3230, 'MPLX-660', 1, '2022-12-13 13:11:22', 8, '2022-12-13 15:52:22', 1, 20199, 230099),
(3231, 'ALL^B-525', 5, '2022-12-06 23:49:37', 10, '2022-12-07 02:43:37', 2, 30842, 196473),
(3232, 'PAI-917', 1, '2022-12-18 13:25:06', 10, '2022-12-18 18:18:06', 4, 45641, 298936),
(3233, 'IHC-321', 3, '2022-11-26 21:23:52', 9, '2022-11-26 23:17:52', 5, 25647, 251755),
(3234, 'DNB-882', 2, '2022-12-27 19:39:48', 7, '2022-12-27 22:23:48', 4, 31853, 151626),
(3235, 'BKEP-686', 2, '2022-12-12 15:27:18', 7, '2022-12-12 18:06:18', 5, 54892, 159340),
(3236, 'ATOS-671', 4, '2022-12-30 15:57:37', 10, '2022-12-30 17:40:37', 5, 25081, 179739),
(3237, 'CARV-781', 1, '2022-11-24 08:57:31', 6, '2022-11-24 12:16:31', 1, 30524, 147933),
(3238, 'HEP-136', 6, '2022-11-27 22:32:42', 7, '2022-11-28 01:44:42', 3, 63202, 147263),
(3239, 'WGP-955', 1, '2022-12-11 02:11:56', 7, '2022-12-11 05:59:56', 2, 66149, 229739),
(3240, 'PBF-994', 6, '2022-12-07 10:22:41', 9, '2022-12-07 14:23:41', 4, 43946, 236940),
(3241, 'CAG-118', 2, '2022-12-11 19:36:30', 10, '2022-12-11 23:26:30', 4, 42736, 206119),
(3242, 'FMAO-630', 3, '2022-12-27 20:50:10', 10, '2022-12-28 01:18:10', 2, 40936, 212008),
(3243, 'PRSS-96', 2, '2022-11-30 18:04:08', 6, '2022-11-30 22:12:08', 3, 30037, 158111),
(3244, 'NQP-546', 3, '2022-11-18 20:13:03', 6, '2022-11-19 00:22:03', 3, 47145, 101972),
(3245, 'WLB-775', 6, '2022-12-14 07:11:52', 8, '2022-12-14 12:11:52', 2, 56515, 172580),
(3246, 'EGO-143', 6, '2022-12-15 00:35:00', 8, '2022-12-15 04:52:00', 1, 67243, 258135),
(3247, 'TBK-927', 3, '2022-12-25 23:10:48', 8, '2022-12-26 03:14:48', 5, 61936, 154148),
(3248, 'IGR-465', 6, '2022-12-27 21:28:04', 7, '2022-12-28 01:52:04', 5, 64288, 113618),
(3249, 'DIS-216', 5, '2022-11-27 10:07:31', 9, '2022-11-27 14:27:31', 4, 52884, 140160),
(3250, 'RILY-262', 2, '2022-11-28 02:07:33', 8, '2022-11-28 05:00:33', 2, 42247, 242698),
(3251, 'FTV-756', 2, '2022-12-08 13:05:14', 7, '2022-12-08 14:59:14', 3, 51628, 286636),
(3252, 'EQM-352', 4, '2022-12-04 03:56:11', 8, '2022-12-04 07:11:11', 1, 59794, 229935),
(3253, 'CNP-966', 6, '2022-11-24 04:24:41', 7, '2022-11-24 08:11:41', 2, 65401, 246171),
(3254, 'WAT-652', 2, '2022-12-15 05:11:28', 7, '2022-12-15 09:46:28', 3, 72089, 236513),
(3255, 'OC-643', 3, '2022-12-23 01:10:31', 6, '2022-12-23 05:17:31', 5, 64349, 115629),
(3256, 'GSL^B-929', 6, '2022-11-21 20:17:47', 8, '2022-11-21 23:28:47', 1, 69708, 241449),
(3257, 'SKYY-97', 6, '2022-11-27 21:06:59', 7, '2022-11-28 00:40:59', 3, 73084, 273486),
(3258, 'IDRA-482', 5, '2022-12-13 08:50:04', 6, '2022-12-13 11:12:04', 2, 55982, 161137),
(3259, 'BBT-349', 4, '2022-11-26 01:08:45', 8, '2022-11-26 04:39:45', 3, 42796, 237047),
(3260, 'AGRO-899', 1, '2022-12-27 09:12:20', 9, '2022-12-27 14:11:20', 5, 57879, 100213),
(3261, 'BCS-973', 1, '2022-11-20 09:58:46', 10, '2022-11-20 14:05:46', 3, 74051, 222560),
(3262, 'PBFX-83', 6, '2022-12-29 03:22:02', 9, '2022-12-29 05:48:02', 5, 41977, 223408),
(3263, 'ALGN-911', 6, '2022-12-17 02:09:56', 10, '2022-12-17 06:57:56', 5, 34504, 287296),
(3264, 'EQC^D-886', 4, '2022-12-06 21:55:13', 10, '2022-12-07 02:40:13', 4, 25050, 106546),
(3265, 'ATEC-986', 6, '2022-11-23 11:44:51', 6, '2022-11-23 13:54:51', 2, 51712, 282319),
(3266, 'TNP-675', 1, '2022-12-18 19:06:25', 6, '2022-12-18 22:09:25', 4, 45389, 180576),
(3267, 'HT^C-631', 4, '2022-11-29 01:36:49', 7, '2022-11-29 03:47:49', 1, 37516, 135762),
(3268, 'RPAI-962', 3, '2022-12-23 11:50:37', 7, '2022-12-23 14:09:37', 5, 22404, 120638),
(3269, 'ETRM-510', 6, '2022-11-21 11:36:48', 8, '2022-11-21 14:46:48', 2, 51732, 281906),
(3270, 'BHACU-105', 6, '2022-11-27 09:35:49', 8, '2022-11-27 12:27:49', 3, 37650, 119135),
(3271, 'CIM-352', 6, '2022-12-01 05:32:33', 8, '2022-12-01 09:09:33', 3, 58503, 215757),
(3272, 'MMS-759', 3, '2022-12-14 15:49:00', 9, '2022-12-14 17:32:00', 1, 57653, 274935),
(3273, 'AMH^B-785', 6, '2022-12-12 20:49:48', 10, '2022-12-12 22:53:48', 5, 77074, 164951),
(3274, 'ANCB-90', 1, '2022-12-24 02:15:43', 9, '2022-12-24 05:48:43', 4, 60511, 265597),
(3275, 'GOF-195', 5, '2022-12-10 05:40:46', 7, '2022-12-10 07:37:46', 1, 45410, 112229),
(3276, 'KBWD-750', 4, '2022-11-18 22:35:56', 10, '2022-11-19 00:50:56', 4, 44225, 266067),
(3277, 'KEX-54', 5, '2022-11-22 17:20:04', 9, '2022-11-22 19:58:04', 2, 67950, 109630),
(3278, 'CYHHZ-29', 3, '2022-12-11 20:50:11', 9, '2022-12-12 00:58:11', 3, 38125, 225448),
(3279, 'BCH-302', 3, '2022-11-22 12:54:10', 10, '2022-11-22 16:48:10', 4, 58844, 140299),
(3280, 'FRC^C-840', 6, '2022-11-29 09:45:34', 8, '2022-11-29 12:28:34', 3, 31550, 232960),
(3281, 'ABY-654', 5, '2022-12-26 17:05:07', 6, '2022-12-26 20:50:07', 4, 75876, 293988),
(3282, 'GOODM-25', 2, '2022-12-12 00:33:57', 10, '2022-12-12 03:02:57', 2, 24686, 140210),
(3283, 'SONS-21', 3, '2022-12-08 23:28:00', 10, '2022-12-09 01:43:00', 5, 38474, 187886),
(3284, 'BTO-438', 5, '2022-11-30 14:34:21', 6, '2022-11-30 17:42:21', 1, 54371, 177849),
(3285, 'SKYW-308', 6, '2022-12-30 20:27:11', 10, '2022-12-30 22:57:11', 3, 79143, 156397),
(3286, 'QCLN-89', 1, '2022-11-18 01:32:58', 10, '2022-11-18 06:20:58', 3, 62510, 123075),
(3287, 'BWP-565', 5, '2022-11-18 00:28:44', 8, '2022-11-18 04:40:44', 1, 28339, 191460),
(3288, 'PRE^G-816', 6, '2022-12-16 05:11:29', 8, '2022-12-16 09:08:29', 2, 21759, 230625),
(3289, 'MITT^A-787', 4, '2022-12-12 20:58:25', 10, '2022-12-13 00:40:25', 1, 32319, 148035),
(3290, 'TWIN-949', 1, '2022-12-16 02:53:17', 6, '2022-12-16 06:04:17', 1, 43747, 265466),
(3291, 'DEI-858', 3, '2022-12-09 02:54:05', 10, '2022-12-09 06:13:05', 5, 66879, 282526),
(3292, 'PHMD-442', 3, '2022-12-22 20:33:16', 9, '2022-12-22 23:57:16', 5, 78306, 120521),
(3293, 'JLS-955', 3, '2022-12-20 07:16:52', 9, '2022-12-20 11:23:52', 2, 72046, 144042),
(3294, 'DLHC-164', 3, '2022-12-01 21:43:16', 6, '2022-12-02 01:51:16', 5, 41148, 201928),
(3295, 'OXY-300', 2, '2022-12-20 02:37:33', 9, '2022-12-20 05:28:33', 2, 52935, 183450),
(3296, 'MNP-739', 2, '2022-12-08 02:03:30', 7, '2022-12-08 04:26:30', 1, 45157, 104651),
(3297, 'IFN-198', 3, '2022-11-19 14:39:02', 8, '2022-11-19 17:14:02', 3, 73018, 144959),
(3298, 'HNI-700', 3, '2022-12-07 13:57:57', 9, '2022-12-07 16:59:57', 1, 67128, 283483),
(3299, 'MAGS-712', 2, '2022-12-10 02:20:20', 8, '2022-12-10 05:12:20', 3, 64885, 107572),
(3300, 'ULTA-606', 4, '2022-12-23 01:45:25', 6, '2022-12-23 06:25:25', 4, 53335, 247588),
(3301, 'IRWD-342', 6, '2022-12-05 09:29:19', 10, '2022-12-05 11:22:19', 5, 68195, 223542),
(3302, 'KOS-422', 5, '2022-12-10 23:06:29', 8, '2022-12-11 03:19:29', 5, 25506, 143669),
(3303, 'LIVE-390', 4, '2022-11-28 02:11:53', 8, '2022-11-28 05:07:53', 4, 78580, 224743),
(3304, 'PVTD-147', 3, '2022-12-30 09:25:20', 7, '2022-12-30 12:34:20', 4, 33227, 161810),
(3305, 'BBP-229', 5, '2022-12-11 04:54:59', 8, '2022-12-11 07:47:59', 3, 41440, 164027),
(3306, 'NID-564', 5, '2022-12-21 23:50:45', 7, '2022-12-22 02:38:45', 3, 38155, 283632),
(3307, 'NS-345', 4, '2022-11-30 09:03:47', 10, '2022-11-30 13:23:47', 5, 68319, 155175),
(3308, 'SOHU-86', 3, '2022-12-05 11:14:24', 7, '2022-12-05 14:50:24', 1, 33075, 181620),
(3309, 'MVIS-11', 2, '2022-12-23 00:12:02', 10, '2022-12-23 02:23:02', 2, 64194, 202293),
(3310, 'TUTT-869', 2, '2022-11-26 22:16:32', 6, '2022-11-27 00:37:32', 4, 31590, 247400),
(3311, 'HLS-870', 2, '2022-12-07 13:46:00', 9, '2022-12-07 18:31:00', 5, 43718, 219741),
(3312, 'BCEI-898', 6, '2022-12-12 08:57:30', 7, '2022-12-12 13:51:30', 5, 71467, 295292),
(3313, 'KBWY-321', 3, '2022-12-27 23:04:46', 10, '2022-12-28 03:03:46', 3, 63151, 165197),
(3314, 'TLYS-341', 4, '2022-12-28 13:32:06', 9, '2022-12-28 18:02:06', 2, 39870, 168111),
(3315, 'IVTY-599', 1, '2022-12-29 06:37:29', 6, '2022-12-29 09:11:29', 5, 20242, 292313),
(3316, 'PRSS-776', 1, '2022-11-20 20:07:10', 6, '2022-11-20 21:57:10', 3, 38376, 103653),
(3317, 'BDC^B-817', 4, '2022-12-19 13:49:01', 8, '2022-12-19 16:41:01', 5, 25822, 154892),
(3318, 'ESGR-466', 2, '2022-11-24 17:52:43', 6, '2022-11-24 20:49:43', 3, 21720, 266612),
(3319, 'DDF-183', 4, '2022-11-19 13:56:01', 9, '2022-11-19 18:11:01', 5, 38374, 239010),
(3320, 'CALL-524', 3, '2022-12-16 06:20:20', 7, '2022-12-16 09:22:20', 4, 30754, 229363),
(3321, 'PRIM-640', 4, '2022-11-18 19:49:39', 6, '2022-11-19 00:19:39', 2, 45211, 122761),
(3322, 'CUI-897', 1, '2022-12-05 17:31:33', 9, '2022-12-05 19:54:33', 5, 51985, 241105),
(3323, 'RIG-334', 1, '2022-12-26 23:55:15', 6, '2022-12-27 02:01:15', 1, 58452, 293743),
(3324, 'CSB-143', 1, '2022-12-29 15:20:21', 9, '2022-12-29 18:13:21', 1, 78334, 164250),
(3325, 'TWO^A-52', 1, '2022-11-20 23:11:20', 8, '2022-11-21 03:17:20', 2, 44867, 179941),
(3326, 'BDC-795', 2, '2022-12-22 04:58:23', 9, '2022-12-22 08:06:23', 5, 22100, 194350),
(3327, 'RGT-717', 1, '2022-12-29 20:05:39', 9, '2022-12-30 00:54:39', 3, 37934, 156869),
(3328, 'FCA-638', 6, '2022-11-21 01:58:44', 6, '2022-11-21 05:25:44', 4, 79598, 156043),
(3329, 'CRR-742', 5, '2022-12-07 03:09:26', 10, '2022-12-07 06:42:26', 5, 62701, 293566),
(3330, 'DIS-154', 3, '2022-12-22 07:24:06', 8, '2022-12-22 10:58:06', 3, 21698, 229019),
(3331, 'ACCO-597', 2, '2022-11-22 05:09:13', 7, '2022-11-22 08:29:13', 4, 20128, 104397),
(3332, 'MB-475', 2, '2022-11-28 13:04:54', 9, '2022-11-28 15:42:54', 1, 76746, 122132),
(3333, 'ACN-791', 2, '2022-12-10 16:18:40', 6, '2022-12-10 21:09:40', 2, 25086, 185104),
(3334, 'BIG-951', 5, '2022-11-22 11:36:29', 10, '2022-11-22 16:10:29', 5, 58292, 116439),
(3335, 'BBVA-156', 1, '2022-12-15 17:53:21', 7, '2022-12-15 22:37:21', 2, 33159, 117997),
(3336, 'IVFVC-627', 3, '2022-12-13 11:13:12', 9, '2022-12-13 15:38:12', 2, 22750, 246136),
(3337, 'TANH-533', 3, '2022-12-01 17:04:41', 10, '2022-12-01 21:28:41', 1, 78193, 263363),
(3338, 'SO-152', 2, '2022-11-21 22:14:29', 9, '2022-11-22 02:43:29', 1, 42221, 123187),
(3339, 'BOFIL-683', 1, '2022-11-25 20:00:18', 8, '2022-11-25 21:43:18', 2, 78312, 128042),
(3340, 'KOP-494', 2, '2022-12-20 14:03:18', 6, '2022-12-20 18:40:18', 4, 77579, 111330),
(3341, 'GDV^G-309', 4, '2022-12-28 19:03:02', 8, '2022-12-28 21:49:02', 5, 67014, 256611),
(3342, 'JSD-627', 2, '2022-12-03 08:49:19', 7, '2022-12-03 13:18:19', 2, 33092, 261711),
(3343, 'RNR^C-578', 3, '2022-12-20 09:57:35', 10, '2022-12-20 14:16:35', 3, 39314, 200621),
(3344, 'STX-315', 4, '2022-12-01 21:10:19', 10, '2022-12-01 23:55:19', 2, 58123, 203222),
(3345, 'QUIK-939', 6, '2022-12-26 13:59:10', 9, '2022-12-26 18:35:10', 4, 45563, 196361),
(3346, 'ONSIW-58', 3, '2022-12-09 05:29:40', 8, '2022-12-09 10:28:40', 3, 52641, 236493),
(3347, 'HK-40', 5, '2022-11-27 03:49:32', 9, '2022-11-27 06:56:32', 2, 55505, 169239),
(3348, 'CIG.C-941', 4, '2022-12-09 03:58:26', 10, '2022-12-09 06:39:26', 3, 49526, 212781),
(3349, 'NBHC-927', 3, '2022-12-16 05:54:39', 10, '2022-12-16 09:44:39', 3, 69437, 280118),
(3350, 'NMY-276', 2, '2022-11-23 09:43:10', 9, '2022-11-23 11:42:10', 3, 47337, 112708),
(3351, 'CUNB-408', 1, '2022-12-17 06:31:37', 10, '2022-12-17 10:06:37', 3, 74655, 195871),
(3352, 'WABC-357', 2, '2022-12-13 15:28:05', 7, '2022-12-13 19:26:05', 4, 57828, 179320),
(3353, 'CIBR-164', 5, '2022-12-18 05:13:59', 9, '2022-12-18 07:12:59', 1, 32515, 286214),
(3354, 'USNA-557', 4, '2022-12-22 21:06:32', 10, '2022-12-23 00:59:32', 3, 42955, 141458),
(3355, 'MOS-448', 1, '2022-11-26 20:14:07', 10, '2022-11-26 22:48:07', 2, 78630, 106819),
(3356, 'HIX-568', 3, '2022-12-22 13:01:23', 9, '2022-12-22 15:36:23', 5, 46093, 262753),
(3357, 'NS^B-772', 2, '2022-12-15 07:22:13', 8, '2022-12-15 10:33:13', 4, 78595, 232146),
(3358, 'AVEO-580', 4, '2022-12-01 23:02:19', 10, '2022-12-02 03:34:19', 3, 25346, 141880),
(3359, 'CPRT-67', 6, '2022-12-11 17:46:09', 7, '2022-12-11 20:56:09', 2, 75814, 103071),
(3360, 'EHTH-716', 6, '2022-12-02 00:53:25', 9, '2022-12-02 03:38:25', 1, 30825, 258783),
(3361, 'BWINA-586', 6, '2022-11-22 03:20:24', 6, '2022-11-22 05:26:24', 5, 25405, 284996),
(3362, 'ESIO-636', 5, '2022-12-26 01:40:44', 9, '2022-12-26 05:27:44', 5, 47089, 210667),
(3363, 'BIT-634', 2, '2022-12-08 07:19:13', 8, '2022-12-08 11:55:13', 2, 75942, 132764),
(3364, 'HNI-890', 1, '2022-12-13 04:14:08', 9, '2022-12-13 09:09:08', 5, 72355, 252652),
(3365, 'WCG-122', 6, '2022-12-12 15:57:46', 7, '2022-12-12 19:34:46', 2, 32940, 185231),
(3366, 'THG-763', 5, '2022-12-21 12:48:18', 10, '2022-12-21 15:30:18', 5, 68337, 137399),
(3367, 'CVLY-540', 4, '2022-12-15 16:54:29', 7, '2022-12-15 20:43:29', 3, 24193, 252684),
(3368, 'ENVA-198', 5, '2022-12-18 13:58:45', 8, '2022-12-18 17:24:45', 1, 29122, 200215),
(3369, 'CACG-623', 6, '2022-12-28 20:47:37', 8, '2022-12-28 23:18:37', 5, 50560, 115291),
(3370, 'UTF-913', 5, '2022-12-20 09:16:41', 8, '2022-12-20 11:57:41', 5, 22735, 109692),
(3371, 'ROIC-85', 1, '2022-11-21 01:07:38', 10, '2022-11-21 05:20:38', 5, 61582, 182747),
(3372, 'RYAAY-695', 1, '2022-12-19 15:46:14', 9, '2022-12-19 20:32:14', 3, 45300, 278980),
(3373, 'BLW-373', 6, '2022-12-27 06:29:42', 10, '2022-12-27 11:12:42', 2, 23183, 220095),
(3374, 'TTD-444', 2, '2022-11-23 09:33:43', 7, '2022-11-23 13:09:43', 5, 52694, 241397),
(3375, 'PCI-468', 4, '2022-12-01 12:45:41', 8, '2022-12-01 16:03:41', 4, 71257, 296686),
(3376, 'HRG-767', 4, '2022-12-28 22:05:44', 9, '2022-12-29 01:10:44', 5, 39671, 116675),
(3377, 'CMC-239', 1, '2022-12-03 07:01:46', 8, '2022-12-03 09:22:46', 5, 32389, 212172),
(3378, 'UBIO-517', 5, '2022-11-21 22:37:11', 8, '2022-11-22 01:08:11', 3, 40418, 146974),
(3379, 'BKU-764', 3, '2022-11-24 09:40:42', 8, '2022-11-24 12:19:42', 1, 52158, 275364),
(3380, 'UGP-713', 2, '2022-11-25 08:12:23', 6, '2022-11-25 12:24:23', 4, 40669, 177326),
(3381, 'SVRA-238', 1, '2022-12-28 20:11:23', 6, '2022-12-29 00:13:23', 5, 38674, 266517),
(3382, 'FLC-714', 4, '2022-12-03 15:09:35', 7, '2022-12-03 18:16:35', 4, 54811, 148088),
(3383, 'ACRE-844', 5, '2022-12-05 11:22:57', 6, '2022-12-05 15:10:57', 2, 26398, 174626),
(3384, 'BIS-108', 6, '2022-11-29 14:31:08', 9, '2022-11-29 17:36:08', 4, 58695, 257736),
(3385, 'JELD-731', 3, '2022-11-20 11:11:14', 9, '2022-11-20 13:11:14', 5, 54793, 182425),
(3386, 'MN-146', 3, '2022-11-29 20:56:31', 6, '2022-11-29 23:31:31', 1, 71096, 262081),
(3387, 'FARO-452', 4, '2022-12-14 20:19:24', 8, '2022-12-15 00:25:24', 3, 27302, 213184),
(3388, 'NS-766', 2, '2022-12-08 22:41:16', 6, '2022-12-09 02:37:16', 1, 43702, 296401),
(3389, 'NEE^K-217', 5, '2022-12-28 00:29:15', 9, '2022-12-28 04:58:15', 4, 78046, 142209),
(3390, 'NBTB-223', 2, '2022-12-02 17:27:56', 6, '2022-12-02 21:01:56', 3, 74301, 140884),
(3391, 'CDTX-615', 4, '2022-12-08 10:32:54', 10, '2022-12-08 13:45:54', 3, 48284, 168006),
(3392, 'GDL-647', 3, '2022-12-14 03:44:34', 7, '2022-12-14 06:55:34', 3, 78562, 266322),
(3393, 'WG-346', 1, '2022-12-06 17:17:47', 6, '2022-12-06 21:35:47', 5, 56553, 176828),
(3394, 'NGLS^A-156', 5, '2022-12-07 22:02:50', 8, '2022-12-08 01:30:50', 3, 77288, 147939),
(3395, 'OBAS-128', 1, '2022-11-27 22:28:21', 9, '2022-11-28 02:31:21', 4, 72855, 258533),
(3396, 'AEE-54', 4, '2022-11-28 18:48:20', 6, '2022-11-28 23:16:20', 2, 67844, 104385),
(3397, 'NMR-906', 5, '2022-12-10 03:02:06', 10, '2022-12-10 06:20:06', 4, 39461, 214279),
(3398, 'KORS-352', 2, '2022-11-24 00:18:30', 6, '2022-11-24 02:34:30', 1, 50720, 176257),
(3399, 'CELP-322', 6, '2022-12-26 10:29:06', 6, '2022-12-26 13:18:06', 4, 79011, 168868),
(3400, 'LMHA-71', 1, '2022-12-03 13:56:04', 8, '2022-12-03 18:27:04', 1, 44682, 108477),
(3401, 'TENX-880', 3, '2022-11-24 13:53:38', 6, '2022-11-24 17:43:38', 2, 36957, 114765),
(3402, 'AMH^B-991', 1, '2022-12-02 17:18:34', 7, '2022-12-02 19:57:34', 1, 46362, 128608),
(3403, 'COR^A-133', 4, '2022-12-03 23:50:40', 10, '2022-12-04 02:31:40', 3, 55320, 109370),
(3404, 'VALE-833', 2, '2022-12-01 08:22:04', 9, '2022-12-01 12:58:04', 2, 33269, 276349),
(3405, 'ORC-257', 3, '2022-11-22 14:25:35', 8, '2022-11-22 17:48:35', 5, 53470, 205177),
(3406, 'USG-977', 2, '2022-11-22 21:39:09', 8, '2022-11-23 00:21:09', 2, 39125, 134293),
(3407, 'RARX-672', 6, '2022-12-23 12:50:16', 6, '2022-12-23 16:12:16', 4, 45368, 163479),
(3408, 'ZIONZ-510', 2, '2022-11-21 03:01:33', 10, '2022-11-21 07:55:33', 3, 60122, 246408),
(3409, 'KT-194', 5, '2022-12-23 14:09:59', 9, '2022-12-23 17:15:59', 4, 64931, 109473),
(3410, 'KBSF-568', 3, '2022-11-30 17:34:49', 6, '2022-11-30 20:14:49', 4, 67126, 113879),
(3411, 'TTI-707', 1, '2022-12-24 00:15:45', 6, '2022-12-24 04:25:45', 3, 25093, 258362),
(3412, 'TNK-928', 4, '2022-12-26 03:16:12', 6, '2022-12-26 05:39:12', 2, 53464, 258765),
(3413, 'JCI-982', 5, '2022-12-29 00:52:52', 7, '2022-12-29 04:04:52', 5, 51948, 183784),
(3414, 'NADL-934', 4, '2022-12-30 21:04:34', 7, '2022-12-31 01:57:34', 3, 46181, 223923),
(3415, 'PCK-842', 1, '2022-11-28 04:22:52', 6, '2022-11-28 07:36:52', 5, 37197, 155938),
(3416, 'CRVL-114', 4, '2022-11-21 19:53:29', 10, '2022-11-22 00:43:29', 4, 23978, 110109),
(3417, 'EGIF-250', 5, '2022-11-27 04:04:58', 9, '2022-11-27 07:47:58', 2, 57196, 289598),
(3418, 'AVY-650', 2, '2022-12-11 12:16:42', 6, '2022-12-11 14:09:42', 4, 36049, 297347),
(3419, 'SNHNI-828', 3, '2022-12-24 21:37:39', 8, '2022-12-25 01:43:39', 4, 55167, 269622),
(3420, 'GGM-437', 1, '2022-12-11 18:04:14', 6, '2022-12-11 19:50:14', 4, 71398, 211263),
(3421, 'GMTA-985', 1, '2022-12-21 23:22:22', 7, '2022-12-22 03:01:22', 2, 49300, 240228),
(3422, 'CGG-179', 3, '2022-12-06 15:35:55', 9, '2022-12-06 18:02:55', 2, 32800, 209250),
(3423, 'PGZ-628', 2, '2022-12-30 14:51:22', 7, '2022-12-30 18:40:22', 5, 45301, 223343),
(3424, 'ACET-205', 5, '2022-12-03 06:42:33', 6, '2022-12-03 10:22:33', 4, 46175, 294529),
(3425, 'SHOS-629', 6, '2022-12-06 13:15:39', 10, '2022-12-06 17:32:39', 3, 35708, 261464),
(3426, 'DSX-293', 5, '2022-12-04 23:35:56', 9, '2022-12-05 02:10:56', 2, 54041, 106535),
(3427, 'ANH^C-76', 2, '2022-11-25 02:40:11', 6, '2022-11-25 05:13:11', 5, 33034, 275358),
(3428, 'BABA-531', 3, '2022-12-17 06:56:22', 8, '2022-12-17 10:55:22', 5, 33193, 130918),
(3429, 'SPLK-388', 4, '2022-11-23 20:24:05', 8, '2022-11-24 00:13:05', 2, 40208, 118947),
(3430, 'ADI-642', 3, '2022-12-20 11:41:42', 8, '2022-12-20 16:29:42', 2, 63784, 236428),
(3431, 'PMT-323', 1, '2022-12-19 03:52:20', 6, '2022-12-19 06:45:20', 2, 56088, 260992),
(3432, 'IPL^D-726', 2, '2022-12-30 21:45:09', 9, '2022-12-30 23:44:09', 5, 25435, 144732),
(3433, 'NWS-351', 2, '2022-12-30 12:48:40', 8, '2022-12-30 15:18:40', 4, 75600, 174865),
(3434, 'VNDA-617', 2, '2022-12-07 12:02:10', 10, '2022-12-07 15:08:10', 1, 53899, 227568),
(3435, 'PSA^Z-843', 3, '2022-11-23 10:10:56', 7, '2022-11-23 14:26:56', 4, 35994, 278610),
(3436, 'JMT-224', 2, '2022-11-18 00:59:00', 10, '2022-11-18 03:05:00', 4, 39453, 157670),
(3437, 'WSBC-996', 3, '2022-11-24 07:16:58', 6, '2022-11-24 09:48:58', 4, 77732, 233944),
(3438, 'GEF.B-188', 1, '2022-11-28 01:35:44', 9, '2022-11-28 04:19:44', 4, 35581, 133988),
(3439, 'SLG^I-806', 1, '2022-12-01 17:02:00', 9, '2022-12-01 21:34:00', 2, 35860, 124170),
(3440, 'TBK-286', 5, '2022-12-24 22:20:17', 10, '2022-12-25 00:47:17', 2, 39208, 297772),
(3441, 'FRC-848', 5, '2022-11-22 16:28:16', 8, '2022-11-22 20:24:16', 4, 31187, 118104),
(3442, 'ATOM-529', 5, '2022-12-16 22:26:00', 9, '2022-12-17 00:09:00', 2, 32353, 178187),
(3443, 'RIBTW-257', 3, '2022-12-26 19:22:17', 8, '2022-12-26 23:50:17', 2, 41292, 224394),
(3444, 'CLVS-245', 1, '2022-11-25 03:15:40', 10, '2022-11-25 07:20:40', 2, 67295, 172464),
(3445, 'FELP-293', 4, '2022-12-21 11:33:51', 6, '2022-12-21 16:02:51', 3, 64696, 120306),
(3446, 'KMPH-257', 5, '2022-12-23 12:18:47', 8, '2022-12-23 15:21:47', 5, 48770, 183934),
(3447, 'QNST-63', 4, '2022-11-18 18:23:37', 9, '2022-11-18 22:04:37', 4, 40771, 283549),
(3448, 'CBB^B-799', 1, '2022-12-07 14:39:15', 6, '2022-12-07 16:29:15', 4, 29877, 273033),
(3449, 'CATH-528', 5, '2022-11-19 15:20:41', 6, '2022-11-19 19:14:41', 3, 20815, 203477),
(3450, 'VEC-530', 4, '2022-11-30 09:09:07', 10, '2022-11-30 13:34:07', 1, 29549, 226450),
(3451, 'MER^K-500', 6, '2022-12-16 15:45:05', 8, '2022-12-16 20:45:05', 1, 62218, 249334),
(3452, 'ALTY-434', 6, '2022-12-30 23:39:11', 8, '2022-12-31 02:31:11', 3, 31362, 193970),
(3453, 'MSDI-758', 6, '2022-12-01 11:56:35', 10, '2022-12-01 15:34:35', 4, 63219, 189956),
(3454, 'CHA-459', 3, '2022-12-22 17:07:35', 10, '2022-12-22 20:44:35', 1, 34022, 217769),
(3455, 'WFC^R-851', 2, '2022-12-06 01:04:14', 6, '2022-12-06 05:53:14', 4, 36314, 290617),
(3456, 'FNLC-178', 2, '2022-12-22 19:09:06', 9, '2022-12-22 23:36:06', 5, 42517, 288878),
(3457, 'CO-50', 1, '2022-12-30 23:09:47', 10, '2022-12-31 03:32:47', 5, 57159, 284772),
(3458, 'NKG-250', 6, '2022-12-15 19:12:45', 9, '2022-12-15 22:33:45', 3, 34820, 165985),
(3459, 'OCC-303', 5, '2022-11-26 07:36:24', 9, '2022-11-26 10:19:24', 2, 59573, 160238),
(3460, 'CYRN-234', 3, '2022-12-09 18:12:05', 7, '2022-12-09 21:34:05', 5, 52493, 145925),
(3461, 'DCI-305', 2, '2022-11-27 02:36:27', 9, '2022-11-27 07:06:27', 3, 57926, 138751),
(3462, 'LMB-683', 2, '2022-12-15 13:43:32', 9, '2022-12-15 15:25:32', 4, 74614, 183579),
(3463, 'AIF-922', 4, '2022-12-01 19:11:53', 7, '2022-12-01 21:04:53', 4, 57631, 264658),
(3464, 'PRO-38', 2, '2022-12-02 07:04:40', 9, '2022-12-02 11:25:40', 3, 62797, 142185),
(3465, 'JHS-422', 4, '2022-12-09 06:29:26', 8, '2022-12-09 09:51:26', 4, 28754, 294359),
(3466, 'TTF-159', 2, '2022-12-30 07:56:23', 7, '2022-12-30 11:14:23', 3, 74620, 170301),
(3467, 'GGG-160', 4, '2022-11-29 07:55:00', 6, '2022-11-29 09:35:00', 2, 64608, 219438),
(3468, 'SPWH-465', 2, '2022-11-21 08:53:27', 6, '2022-11-21 12:17:27', 2, 61887, 225446),
(3469, 'PH-181', 2, '2022-12-22 13:49:17', 8, '2022-12-22 16:51:17', 4, 47059, 166243),
(3470, 'SVBI-715', 3, '2022-11-29 23:31:18', 7, '2022-11-30 02:10:18', 5, 59203, 285596),
(3471, 'STRS-156', 1, '2022-12-29 01:41:30', 10, '2022-12-29 04:47:30', 1, 69627, 257755),
(3472, 'MUS-885', 4, '2022-11-25 23:07:25', 9, '2022-11-26 03:54:25', 2, 20918, 289014),
(3473, 'ESCA-788', 3, '2022-12-03 22:20:22', 6, '2022-12-04 00:00:22', 3, 46806, 164107),
(3474, 'DDR^K-965', 2, '2022-11-20 09:06:43', 10, '2022-11-20 12:48:43', 2, 64479, 143243),
(3475, 'AHGP-726', 1, '2022-12-20 20:15:38', 8, '2022-12-20 22:05:38', 1, 43015, 294982),
(3476, 'SBFG-601', 3, '2022-12-03 04:02:26', 6, '2022-12-03 06:54:26', 4, 20245, 132462),
(3477, 'VNO^K-65', 1, '2022-12-11 01:32:40', 8, '2022-12-11 05:20:40', 2, 73264, 230804),
(3478, 'KGJI-215', 6, '2022-12-05 08:11:16', 6, '2022-12-05 11:15:16', 4, 59297, 177938),
(3479, 'VET-667', 2, '2022-12-28 14:19:19', 7, '2022-12-28 16:28:19', 5, 28835, 112738),
(3480, 'LVS-753', 1, '2022-12-27 11:34:46', 7, '2022-12-27 14:11:46', 1, 56599, 232617),
(3481, 'SSNT-22', 2, '2022-11-25 20:55:47', 6, '2022-11-25 22:58:47', 2, 21143, 292676),
(3482, 'SKX-920', 1, '2022-12-03 23:49:29', 8, '2022-12-04 01:50:29', 2, 76027, 128102),
(3483, 'RGLS-375', 3, '2022-12-24 23:56:52', 10, '2022-12-25 02:48:52', 2, 56546, 126987),
(3484, 'C^K-925', 5, '2022-11-20 09:56:32', 9, '2022-11-20 13:51:32', 2, 32616, 292065),
(3485, 'CNCR-667', 5, '2022-12-02 01:26:21', 10, '2022-12-02 03:16:21', 5, 78505, 238980),
(3486, 'OAK-405', 5, '2022-12-28 13:08:58', 10, '2022-12-28 16:25:58', 4, 64144, 149027),
(3487, 'CFMS-177', 4, '2022-12-06 12:54:40', 9, '2022-12-06 16:38:40', 3, 27766, 129929),
(3488, 'BITA-32', 6, '2022-12-26 08:10:32', 6, '2022-12-26 10:02:32', 4, 48931, 170351),
(3489, 'CSGP-557', 4, '2022-12-07 13:41:07', 9, '2022-12-07 15:47:07', 4, 57473, 284681),
(3490, 'EFT-423', 4, '2022-12-17 14:20:40', 6, '2022-12-17 18:52:40', 5, 60350, 275511),
(3491, 'BBW-919', 4, '2022-12-23 13:33:19', 6, '2022-12-23 16:29:19', 3, 67367, 171301),
(3492, 'BPOP-867', 4, '2022-12-20 12:20:03', 9, '2022-12-20 15:45:03', 5, 33076, 213825),
(3493, 'SPEX-479', 3, '2022-12-14 05:00:05', 9, '2022-12-14 08:40:05', 4, 27005, 190997),
(3494, 'BLRX-516', 3, '2022-12-13 04:53:44', 9, '2022-12-13 07:45:44', 1, 62299, 281510),
(3495, 'JHD-338', 5, '2022-12-07 09:43:14', 6, '2022-12-07 11:56:14', 1, 53687, 205369),
(3496, 'HTY-110', 6, '2022-11-25 03:58:32', 7, '2022-11-25 08:29:32', 5, 25971, 194537),
(3497, 'BOTZ-910', 1, '2022-12-19 23:09:39', 7, '2022-12-20 03:16:39', 5, 40427, 202824),
(3498, 'MDLZ-713', 5, '2022-12-02 14:55:33', 10, '2022-12-02 19:29:33', 3, 25410, 177985),
(3499, 'SRCLP-577', 3, '2022-11-26 05:10:42', 6, '2022-11-26 08:15:42', 2, 68426, 173469),
(3500, 'IMI-896', 6, '2022-12-19 10:06:17', 9, '2022-12-19 14:59:17', 3, 65224, 286292),
(3501, 'RRC-254', 4, '2022-12-07 01:21:55', 9, '2022-12-07 06:03:55', 4, 40883, 221230),
(3502, 'HRMNU-229', 6, '2022-12-28 14:42:23', 7, '2022-12-28 17:09:23', 4, 47200, 190803),
(3503, 'MDLX-621', 3, '2022-11-23 00:38:41', 8, '2022-11-23 04:13:41', 4, 65285, 259164),
(3504, 'EFT-982', 5, '2022-11-19 19:31:24', 10, '2022-11-19 23:30:24', 4, 46642, 255479),
(3505, 'CVS-730', 5, '2022-12-08 21:44:28', 8, '2022-12-08 23:44:28', 2, 38415, 264264),
(3506, 'HNNA-167', 1, '2022-11-23 00:22:54', 6, '2022-11-23 05:03:54', 1, 69935, 186924),
(3507, 'CIT-670', 3, '2022-12-29 11:08:59', 8, '2022-12-29 14:42:59', 3, 72801, 263194),
(3508, 'FMS-33', 6, '2022-12-18 23:03:37', 7, '2022-12-19 00:56:37', 5, 59895, 174586),
(3509, 'XOG-880', 4, '2022-12-29 05:06:54', 6, '2022-12-29 09:39:54', 4, 20555, 160072),
(3510, 'DSGX-617', 3, '2022-12-13 11:08:47', 7, '2022-12-13 14:32:47', 1, 31232, 178752),
(3511, 'AGO^B-18', 5, '2022-11-25 10:49:49', 8, '2022-11-25 14:48:49', 5, 44700, 201610),
(3512, 'CVCO-54', 4, '2022-12-29 11:58:04', 7, '2022-12-29 16:32:04', 4, 61744, 212193),
(3513, 'ONS-479', 3, '2022-12-24 12:18:55', 8, '2022-12-24 15:38:55', 2, 67539, 218918),
(3514, 'TSNU-236', 3, '2022-11-21 05:47:25', 7, '2022-11-21 10:01:25', 5, 76312, 256386),
(3515, 'MFINL-273', 3, '2022-12-10 11:10:57', 9, '2022-12-10 12:50:57', 4, 33276, 115222),
(3516, 'ACXM-383', 1, '2022-11-21 11:54:48', 10, '2022-11-21 14:30:48', 3, 61648, 152530),
(3517, 'PAVM-586', 4, '2022-11-23 12:52:05', 9, '2022-11-23 16:06:05', 3, 42472, 251031),
(3518, 'KBSF-156', 5, '2022-12-29 00:38:11', 8, '2022-12-29 04:31:11', 5, 32852, 233785),
(3519, 'NNN^F-347', 1, '2022-12-05 04:28:54', 8, '2022-12-05 06:42:54', 4, 63992, 155378),
(3520, 'NNI-605', 1, '2022-12-02 16:32:51', 6, '2022-12-02 20:06:51', 2, 67087, 201978),
(3521, 'IBKCP-645', 2, '2022-11-19 18:37:11', 10, '2022-11-19 20:46:11', 2, 61321, 298247),
(3522, 'RAI-393', 6, '2022-12-28 23:27:44', 6, '2022-12-29 01:21:44', 1, 75167, 255890),
(3523, 'OIIM-138', 4, '2022-12-04 16:48:26', 10, '2022-12-04 21:21:26', 2, 63753, 182273),
(3524, 'HUNT-162', 5, '2022-12-05 01:47:00', 6, '2022-12-05 05:55:00', 5, 26949, 249676),
(3525, 'EARS-633', 2, '2022-12-30 18:19:38', 8, '2022-12-30 20:00:38', 4, 69469, 233001),
(3526, 'ACV-805', 5, '2022-12-15 06:35:10', 8, '2022-12-15 11:10:10', 2, 40016, 293103),
(3527, 'GTHX-476', 3, '2022-12-17 16:22:01', 7, '2022-12-17 18:19:01', 1, 69939, 261739),
(3528, 'VTWG-227', 1, '2022-12-30 10:16:20', 8, '2022-12-30 13:48:20', 3, 25549, 201777),
(3529, 'MYD-253', 6, '2022-12-13 10:30:10', 10, '2022-12-13 15:10:10', 2, 45764, 101408),
(3530, 'AKR-218', 3, '2022-11-18 12:36:27', 8, '2022-11-18 16:03:27', 5, 61818, 275448),
(3531, 'CRWS-49', 2, '2022-12-20 06:20:23', 8, '2022-12-20 09:28:23', 4, 41653, 174616),
(3532, 'EPR^F-810', 1, '2022-12-18 11:09:55', 6, '2022-12-18 15:34:55', 1, 53219, 128821),
(3533, 'SGZA-127', 1, '2022-12-04 16:38:08', 10, '2022-12-04 19:15:08', 3, 70655, 177981),
(3534, 'CZFC-659', 3, '2022-12-11 16:56:48', 9, '2022-12-11 19:42:48', 2, 23929, 176469),
(3535, 'CHH-712', 2, '2022-11-25 22:58:03', 7, '2022-11-26 03:51:03', 2, 33817, 255268),
(3536, 'SFLY-377', 3, '2022-12-18 23:09:30', 6, '2022-12-19 02:19:30', 3, 64342, 277487),
(3537, 'LNC.WS-296', 6, '2022-11-24 05:21:18', 7, '2022-11-24 09:42:18', 3, 20326, 297531),
(3538, 'LYTS-87', 2, '2022-12-07 08:52:04', 10, '2022-12-07 11:35:04', 1, 71961, 111926),
(3539, 'NMIH-951', 2, '2022-11-29 20:50:47', 7, '2022-11-29 23:13:47', 1, 76992, 187621),
(3540, 'SLNO-846', 1, '2022-12-01 02:45:51', 7, '2022-12-01 06:45:51', 5, 73566, 119921),
(3541, 'PSA^T-482', 3, '2022-12-09 21:10:01', 10, '2022-12-09 23:49:01', 2, 27614, 294049),
(3542, 'BNTCW-447', 3, '2022-12-03 05:17:27', 8, '2022-12-03 08:02:27', 3, 76748, 271700),
(3543, 'MCK-916', 3, '2022-12-24 01:46:26', 6, '2022-12-24 05:04:26', 2, 45958, 142713),
(3544, 'CMO-524', 3, '2022-11-23 23:40:26', 10, '2022-11-24 01:42:26', 4, 41086, 197206),
(3545, 'CMU-526', 4, '2022-12-09 08:51:20', 10, '2022-12-09 11:54:20', 2, 51544, 211733),
(3546, 'MYSZ-417', 4, '2022-12-27 13:55:46', 7, '2022-12-27 18:09:46', 5, 64868, 204751),
(3547, 'TAP-695', 4, '2022-12-27 01:43:32', 6, '2022-12-27 03:47:32', 4, 49318, 212635),
(3548, 'GFY-695', 3, '2022-11-30 09:59:33', 9, '2022-11-30 11:39:33', 3, 65493, 112798),
(3549, 'YRD-216', 3, '2022-12-03 08:05:44', 9, '2022-12-03 10:16:44', 3, 43925, 154253),
(3550, 'CHSCM-128', 2, '2022-12-03 02:06:10', 9, '2022-12-03 04:44:10', 4, 66988, 269774),
(3551, 'CINF-584', 1, '2022-12-10 12:39:59', 8, '2022-12-10 17:37:59', 4, 37048, 262313),
(3552, 'CVI-986', 3, '2022-12-11 05:14:12', 8, '2022-12-11 09:04:12', 4, 40476, 149452),
(3553, 'XOG-607', 4, '2022-12-17 03:52:26', 6, '2022-12-17 05:58:26', 5, 60424, 105631),
(3554, 'BGCA-679', 6, '2022-11-27 13:57:18', 7, '2022-11-27 17:41:18', 3, 33921, 166824),
(3555, 'FTNT-605', 5, '2022-12-16 02:59:43', 9, '2022-12-16 04:40:43', 2, 77499, 212593),
(3556, 'FR-719', 1, '2022-12-18 12:20:28', 9, '2022-12-18 16:15:28', 5, 73268, 111018),
(3557, 'ALXN-844', 3, '2022-12-09 14:10:34', 10, '2022-12-09 18:02:34', 3, 39344, 290751),
(3558, 'DLR^I-158', 1, '2022-12-13 04:41:57', 7, '2022-12-13 08:08:57', 3, 28277, 178697),
(3559, 'OSTK-407', 3, '2022-11-30 18:00:10', 7, '2022-11-30 22:18:10', 2, 70520, 180947),
(3560, 'SAIA-591', 2, '2022-12-21 09:12:32', 10, '2022-12-21 12:31:32', 4, 43513, 114833),
(3561, 'MTB^C-707', 1, '2022-12-03 12:31:21', 9, '2022-12-03 15:27:21', 3, 40629, 180417),
(3562, 'SCE^J-535', 6, '2022-12-22 20:34:07', 6, '2022-12-23 00:35:07', 4, 34687, 110922),
(3563, 'ESL-110', 3, '2022-12-18 06:48:11', 8, '2022-12-18 10:39:11', 5, 33505, 248492),
(3564, 'ACNB-122', 3, '2022-11-18 02:57:48', 7, '2022-11-18 05:55:48', 1, 28627, 164453),
(3565, 'UFPI-932', 4, '2022-11-20 12:56:22', 7, '2022-11-20 16:55:22', 1, 64458, 269027),
(3566, 'GLPI-916', 1, '2022-12-07 21:37:59', 6, '2022-12-08 01:13:59', 2, 67801, 167910),
(3567, 'HOLI-457', 2, '2022-12-08 21:20:08', 10, '2022-12-08 23:56:08', 4, 63013, 121303),
(3568, 'ZOES-350', 1, '2022-12-21 22:29:28', 7, '2022-12-22 00:16:28', 5, 72397, 104503),
(3569, 'SLNO-426', 2, '2022-12-14 00:06:51', 8, '2022-12-14 04:27:51', 2, 31765, 125274),
(3570, 'KIN-820', 3, '2022-12-29 04:38:51', 10, '2022-12-29 07:50:51', 1, 32723, 283574),
(3571, 'INN^D-884', 5, '2022-11-24 23:37:36', 8, '2022-11-25 02:34:36', 2, 32836, 212768),
(3572, 'EVN-988', 1, '2022-12-21 03:37:28', 8, '2022-12-21 05:42:28', 3, 48779, 253855),
(3573, 'JBT-67', 2, '2022-11-25 07:33:49', 8, '2022-11-25 09:31:49', 1, 37281, 107546),
(3574, 'FCEL-59', 5, '2022-12-07 13:34:27', 8, '2022-12-07 16:03:27', 4, 22301, 144537),
(3575, 'EWBC-516', 1, '2022-11-24 01:06:32', 7, '2022-11-24 04:44:32', 1, 47346, 129023),
(3576, 'ELC-31', 1, '2022-12-14 15:11:28', 8, '2022-12-14 17:13:28', 5, 37950, 152679),
(3577, 'CXDC-996', 4, '2022-12-26 14:46:31', 9, '2022-12-26 17:32:31', 5, 43217, 131455),
(3578, 'VTRB-842', 4, '2022-11-28 08:19:18', 10, '2022-11-28 10:52:18', 4, 32874, 115980),
(3579, 'PSCD-271', 6, '2022-11-26 03:00:23', 8, '2022-11-26 06:38:23', 3, 53075, 214467),
(3580, 'AKAO-477', 6, '2022-11-30 20:37:08', 8, '2022-11-30 23:02:08', 3, 52202, 262486),
(3581, 'BEDU-988', 2, '2022-12-09 05:18:58', 8, '2022-12-09 07:01:58', 2, 44956, 109973),
(3582, 'EBS-394', 4, '2022-12-30 23:11:37', 9, '2022-12-31 03:43:37', 2, 58711, 253531),
(3583, 'BELFA-80', 2, '2022-12-10 18:23:27', 7, '2022-12-10 22:51:27', 4, 32309, 246006),
(3584, 'EXAS-16', 1, '2022-12-03 19:44:20', 9, '2022-12-03 22:33:20', 4, 46783, 190220),
(3585, 'CVX-65', 2, '2022-12-20 05:00:31', 9, '2022-12-20 06:53:31', 3, 52095, 135588),
(3586, 'GCV^B-759', 3, '2022-12-17 19:46:31', 6, '2022-12-17 21:35:31', 3, 77238, 257935),
(3587, 'IDXG-18', 2, '2022-11-28 19:20:43', 7, '2022-11-28 23:44:43', 2, 77157, 240625),
(3588, 'PEBO-445', 5, '2022-12-23 13:08:55', 8, '2022-12-23 16:02:55', 4, 21601, 203657),
(3589, 'NH-237', 5, '2022-12-29 05:26:24', 10, '2022-12-29 07:16:24', 1, 48366, 230658),
(3590, 'MTCH-122', 5, '2022-12-20 01:57:19', 8, '2022-12-20 04:12:19', 2, 48214, 264349),
(3591, 'ZNGA-125', 5, '2022-12-13 16:46:04', 8, '2022-12-13 21:02:04', 5, 46720, 287697),
(3592, 'FCFS-140', 4, '2022-11-27 07:16:47', 10, '2022-11-27 09:54:47', 4, 66348, 114294),
(3593, 'GTYHW-797', 3, '2022-12-22 16:15:02', 6, '2022-12-22 19:07:02', 1, 76868, 242654),
(3594, 'BATRA-97', 6, '2022-12-29 02:20:17', 9, '2022-12-29 05:53:17', 5, 73676, 283340),
(3595, 'TAIT-333', 3, '2022-12-08 09:22:19', 9, '2022-12-08 13:24:19', 4, 64602, 102474),
(3596, 'HDNG-353', 2, '2022-11-18 20:50:36', 6, '2022-11-19 00:11:36', 4, 59768, 102726),
(3597, 'HRZN-56', 6, '2022-11-19 02:12:59', 9, '2022-11-19 04:15:59', 3, 78146, 280314),
(3598, 'SCX-997', 2, '2022-12-10 07:05:10', 6, '2022-12-10 11:56:10', 5, 21964, 104830),
(3599, 'PANL-375', 5, '2022-11-27 10:34:27', 10, '2022-11-27 13:03:27', 3, 21014, 263002),
(3600, 'GRID-814', 2, '2022-11-20 17:09:53', 8, '2022-11-20 18:59:53', 5, 29420, 178798),
(3601, 'FALN-325', 5, '2022-11-30 21:23:55', 7, '2022-12-01 01:35:55', 2, 53250, 133912),
(3602, 'VIV-108', 4, '2022-12-16 12:31:31', 8, '2022-12-16 15:24:31', 4, 68742, 157679),
(3603, 'MH^C-606', 4, '2022-11-21 09:03:21', 9, '2022-11-21 13:00:21', 1, 61633, 190435),
(3604, 'TUES-127', 3, '2022-11-26 09:39:02', 8, '2022-11-26 13:47:02', 5, 48670, 293649),
(3605, 'CMS-865', 3, '2022-11-21 13:45:50', 6, '2022-11-21 16:32:50', 5, 73040, 106954),
(3606, 'SNN-372', 3, '2022-12-08 16:50:44', 10, '2022-12-08 18:31:44', 1, 24374, 194610),
(3607, 'SBBP-110', 2, '2022-11-24 13:01:39', 10, '2022-11-24 15:50:39', 2, 41704, 187266),
(3608, 'CMA.WS-552', 4, '2022-12-30 07:30:10', 8, '2022-12-30 12:24:10', 4, 69881, 121712),
(3609, 'GRVY-446', 6, '2022-12-29 19:16:29', 6, '2022-12-29 22:58:29', 3, 49868, 132786),
(3610, 'ROLL-749', 3, '2022-12-18 07:57:23', 10, '2022-12-18 11:48:23', 3, 27254, 282258),
(3611, 'TD-863', 6, '2022-12-22 13:59:56', 9, '2022-12-22 17:55:56', 2, 76807, 222468),
(3612, 'REGN-776', 2, '2022-12-24 07:45:33', 7, '2022-12-24 11:03:33', 3, 75625, 275126),
(3613, 'NXR-19', 4, '2022-12-25 03:28:07', 8, '2022-12-25 05:52:07', 3, 31231, 271497),
(3614, 'UG-891', 5, '2022-11-28 07:59:42', 10, '2022-11-28 12:25:42', 3, 38371, 119440),
(3615, 'OGE-358', 3, '2022-12-05 16:42:53', 6, '2022-12-05 19:02:53', 2, 60634, 227501),
(3616, 'SHOP-546', 6, '2022-12-20 21:31:39', 7, '2022-12-21 02:00:39', 3, 47960, 199628),
(3617, 'GOF-447', 2, '2022-12-04 16:20:48', 6, '2022-12-04 20:56:48', 2, 20768, 198326),
(3618, 'TVPT-586', 3, '2022-12-09 09:09:04', 8, '2022-12-09 11:33:04', 4, 75323, 256442),
(3619, 'MUR-872', 5, '2022-12-08 17:33:09', 10, '2022-12-08 20:41:09', 5, 20991, 181045),
(3620, 'OREX-129', 1, '2022-11-30 19:25:23', 7, '2022-11-30 22:35:23', 3, 68752, 272588),
(3621, 'LN-908', 3, '2022-12-28 17:25:25', 7, '2022-12-28 19:28:25', 5, 23301, 231906),
(3622, 'ARCW-507', 2, '2022-11-21 02:32:46', 8, '2022-11-21 06:44:46', 3, 37641, 258473),
(3623, 'MRAM-995', 4, '2022-12-07 00:49:10', 9, '2022-12-07 05:28:10', 2, 35561, 227334),
(3624, 'CCNE-177', 5, '2022-11-25 08:42:57', 10, '2022-11-25 12:51:57', 1, 79402, 260528),
(3625, 'IEX-790', 6, '2022-12-16 14:22:54', 10, '2022-12-16 18:32:54', 1, 75762, 189859),
(3626, 'FNSR-11', 1, '2022-12-08 09:28:05', 8, '2022-12-08 13:42:05', 1, 20671, 271779),
(3627, 'ADXS-400', 6, '2022-12-24 05:37:34', 9, '2022-12-24 08:25:34', 3, 33320, 285122),
(3628, 'CBPX-143', 5, '2022-12-04 16:54:00', 7, '2022-12-04 20:33:00', 4, 47773, 197038),
(3629, 'EMF-265', 3, '2022-11-23 11:12:50', 3, '2022-11-23 15:15:50', 9, 75846, 252295),
(3630, 'TMK^C-869', 6, '2022-12-03 20:03:22', 2, '2022-12-04 00:56:22', 10, 54750, 116975),
(3631, 'MANT-867', 3, '2022-11-22 22:45:01', 1, '2022-11-23 00:34:01', 7, 43606, 163100),
(3632, 'MIIIU-216', 2, '2022-12-12 18:51:30', 1, '2022-12-12 22:17:30', 9, 37420, 182530),
(3633, 'INOD-158', 5, '2022-11-29 06:44:19', 1, '2022-11-29 11:10:19', 9, 55915, 194518),
(3634, 'HES^A-624', 4, '2022-11-29 09:23:02', 4, '2022-11-29 11:56:02', 9, 69146, 234800),
(3635, 'FMCIR-133', 6, '2022-12-29 10:39:14', 4, '2022-12-29 15:29:14', 8, 58109, 233234),
(3636, 'RFAP-595', 2, '2022-12-25 22:33:19', 1, '2022-12-26 01:22:19', 10, 37060, 273556),
(3637, 'CCCL-281', 4, '2022-12-08 23:43:17', 1, '2022-12-09 03:18:17', 9, 71460, 170197),
(3638, 'LIND-795', 5, '2022-11-22 23:09:14', 1, '2022-11-23 02:12:14', 6, 66152, 112654),
(3639, 'PWE-194', 4, '2022-12-15 06:58:18', 2, '2022-12-15 10:57:18', 6, 21832, 177887),
(3640, 'INVE-373', 4, '2022-11-27 19:37:27', 2, '2022-11-28 00:03:27', 9, 49903, 220470),
(3641, 'FLAG-125', 1, '2022-12-08 00:48:08', 3, '2022-12-08 03:07:08', 9, 22563, 128748),
(3642, 'GNBC-761', 1, '2022-11-30 10:21:01', 4, '2022-11-30 14:54:01', 8, 33085, 202670),
(3643, 'LNC-966', 4, '2022-12-03 20:45:55', 1, '2022-12-03 22:49:55', 7, 63190, 187277),
(3644, 'CLRB-507', 3, '2022-12-02 18:20:49', 3, '2022-12-02 20:15:49', 10, 74098, 234716),
(3645, 'HFWA-783', 5, '2022-12-07 19:48:59', 1, '2022-12-07 22:25:59', 9, 51929, 298489),
(3646, 'ADMA-140', 6, '2022-12-10 20:19:29', 5, '2022-12-10 23:57:29', 6, 55245, 124790),
(3647, 'DCUC-621', 6, '2022-11-23 16:45:34', 2, '2022-11-23 20:14:34', 7, 66501, 168205),
(3648, 'ARR^B-201', 2, '2022-12-28 20:23:09', 4, '2022-12-28 23:18:09', 9, 33402, 200348),
(3649, 'SBRA-213', 5, '2022-12-06 02:03:18', 2, '2022-12-06 05:48:18', 10, 37204, 296548),
(3650, 'BAC^A-841', 2, '2022-12-25 16:50:10', 1, '2022-12-25 18:58:10', 8, 53417, 259186),
(3651, 'SUNW-957', 5, '2022-12-29 11:10:53', 3, '2022-12-29 13:40:53', 7, 46131, 294199),
(3652, 'TLF-322', 1, '2022-12-27 13:37:58', 2, '2022-12-27 16:28:58', 10, 46075, 203062),
(3653, 'MSBF-166', 4, '2022-12-09 13:15:24', 5, '2022-12-09 15:36:24', 8, 35116, 151403),
(3654, 'SBNY-532', 3, '2022-11-23 18:00:19', 1, '2022-11-23 22:05:19', 9, 46223, 231167),
(3655, 'HUN-288', 4, '2022-12-28 03:58:48', 2, '2022-12-28 08:35:48', 7, 38548, 221426),
(3656, 'IAC-294', 4, '2022-11-22 22:40:49', 2, '2022-11-23 01:36:49', 6, 24957, 234573),
(3657, 'BAX-797', 3, '2022-12-20 13:59:20', 1, '2022-12-20 17:11:20', 8, 66570, 257834),
(3658, 'INCR-916', 3, '2022-12-21 07:28:00', 1, '2022-12-21 10:37:00', 7, 46548, 286205),
(3659, 'ALL^D-654', 6, '2022-12-23 07:21:54', 5, '2022-12-23 10:46:54', 8, 33116, 100956),
(3660, 'HIFR-586', 6, '2022-11-18 13:44:47', 1, '2022-11-18 18:28:47', 7, 77144, 262061),
(3661, 'PME-251', 3, '2022-11-20 21:15:45', 2, '2022-11-21 01:33:45', 10, 22216, 145324),
(3662, 'ETM-966', 3, '2022-12-02 18:46:26', 1, '2022-12-02 20:33:26', 6, 23412, 179213),
(3663, 'GBLIL-873', 4, '2022-11-30 05:11:23', 5, '2022-11-30 09:41:23', 10, 47430, 102559),
(3664, 'LJPC-250', 2, '2022-11-30 06:22:53', 5, '2022-11-30 09:27:53', 9, 25081, 214903),
(3665, 'TGEN-806', 4, '2022-12-10 06:49:53', 5, '2022-12-10 11:27:53', 10, 34951, 292567),
(3666, 'BBF-668', 5, '2022-11-23 05:48:16', 1, '2022-11-23 10:17:16', 6, 63457, 280243),
(3667, 'LLY-637', 3, '2022-12-11 21:24:13', 1, '2022-12-12 00:15:13', 10, 20531, 269241),
(3668, 'PGTI-496', 4, '2022-12-25 19:04:06', 4, '2022-12-25 23:12:06', 7, 72152, 128704),
(3669, 'TISA-755', 2, '2022-12-15 09:40:35', 4, '2022-12-15 13:43:35', 6, 51472, 191491),
(3670, 'MLP-60', 6, '2022-12-29 23:29:46', 1, '2022-12-30 01:12:46', 7, 53151, 267164),
(3671, 'GFNCP-487', 3, '2022-12-27 07:33:03', 1, '2022-12-27 09:19:03', 8, 71026, 269819),
(3672, 'EDGE-952', 1, '2022-12-19 15:39:08', 2, '2022-12-19 18:49:08', 7, 66371, 176220),
(3673, 'BSET-263', 2, '2022-12-29 04:48:25', 3, '2022-12-29 08:20:25', 7, 53741, 177980),
(3674, 'TUSA-236', 3, '2022-12-20 02:30:06', 5, '2022-12-20 04:14:06', 6, 39701, 155261),
(3675, 'TNC-996', 5, '2022-11-21 01:17:18', 1, '2022-11-21 06:16:18', 10, 54228, 251841),
(3676, 'SGRP-123', 5, '2022-12-23 23:20:05', 2, '2022-12-24 01:38:05', 9, 60829, 203934),
(3677, 'TMST-608', 2, '2022-12-16 13:02:00', 5, '2022-12-16 16:07:00', 10, 43988, 245629),
(3678, 'KAACU-244', 4, '2022-12-15 06:03:05', 2, '2022-12-15 10:27:05', 9, 24156, 195244),
(3679, 'DXC-209', 2, '2022-11-19 09:48:19', 3, '2022-11-19 14:03:19', 7, 47756, 128269),
(3680, 'EDI-968', 3, '2022-12-08 01:34:42', 2, '2022-12-08 03:43:42', 10, 48307, 261522),
(3681, 'STMP-778', 6, '2022-12-28 16:56:49', 5, '2022-12-28 20:35:49', 7, 28139, 207976),
(3682, 'BIOA-847', 3, '2022-12-01 05:01:26', 4, '2022-12-01 08:34:26', 9, 63758, 278319),
(3683, 'INGR-675', 4, '2022-12-09 12:55:09', 4, '2022-12-09 17:49:09', 10, 48010, 101376),
(3684, 'BK^C-997', 4, '2022-12-11 12:31:49', 1, '2022-12-11 14:28:49', 10, 77612, 221380),
(3685, 'L-610', 2, '2022-12-15 11:04:26', 4, '2022-12-15 12:46:26', 8, 36346, 289161),
(3686, 'CAMT-989', 2, '2022-12-08 18:18:12', 2, '2022-12-08 22:02:12', 8, 32275, 240673),
(3687, 'CXRX-741', 3, '2022-12-03 05:14:24', 4, '2022-12-03 08:01:24', 10, 47388, 146184),
(3688, 'SOHO-277', 6, '2022-12-01 14:43:38', 1, '2022-12-01 16:34:38', 7, 68572, 174767),
(3689, 'LNDC-155', 2, '2022-12-18 00:10:08', 4, '2022-12-18 04:49:08', 6, 30668, 257230),
(3690, 'RTRX-165', 6, '2022-12-25 12:48:57', 3, '2022-12-25 16:54:57', 7, 47841, 181962),
(3691, 'SIMO-864', 4, '2022-11-23 18:55:37', 3, '2022-11-23 20:37:37', 6, 49495, 278192),
(3692, 'DLPH-885', 2, '2022-12-24 22:38:31', 5, '2022-12-25 02:34:31', 7, 26399, 112989),
(3693, 'ATKR-160', 3, '2022-11-25 01:08:53', 1, '2022-11-25 03:25:53', 6, 43905, 153882),
(3694, 'REXR^A-216', 6, '2022-12-15 06:48:59', 5, '2022-12-15 09:48:59', 10, 35353, 222378),
(3695, 'CEVA-386', 6, '2022-12-01 06:11:27', 3, '2022-12-01 09:57:27', 8, 66581, 276175),
(3696, 'GNE^A-991', 5, '2022-12-28 09:50:27', 3, '2022-12-28 11:35:27', 6, 47098, 176199),
(3697, 'MGF-761', 5, '2022-12-25 03:02:03', 2, '2022-12-25 04:44:03', 9, 31363, 211885),
(3698, 'UN-275', 2, '2022-12-20 11:33:09', 2, '2022-12-20 14:27:09', 10, 43569, 255855),
(3699, 'DFVL-159', 3, '2022-12-25 05:32:27', 1, '2022-12-25 08:59:27', 7, 67853, 133982),
(3700, 'AIMT-394', 5, '2022-12-16 15:34:54', 5, '2022-12-16 18:27:54', 6, 65165, 196233),
(3701, 'FTAI-101', 2, '2022-12-24 06:06:54', 2, '2022-12-24 10:42:54', 8, 50393, 203190),
(3702, 'NNA-501', 6, '2022-12-01 11:14:07', 1, '2022-12-01 15:12:07', 6, 79083, 227803),
(3703, 'UGLD-190', 4, '2022-12-30 04:20:22', 3, '2022-12-30 08:35:22', 7, 59587, 251430),
(3704, 'PWE-415', 4, '2022-12-22 20:38:05', 3, '2022-12-22 22:24:05', 8, 37807, 222415),
(3705, 'ISIG-556', 4, '2022-12-07 00:49:05', 1, '2022-12-07 04:29:05', 8, 65676, 169197),
(3706, 'LRN-432', 4, '2022-11-21 01:16:43', 4, '2022-11-21 04:07:43', 7, 68787, 258514),
(3707, 'ENG-801', 1, '2022-12-07 14:00:24', 1, '2022-12-07 17:55:24', 9, 71637, 224680),
(3708, 'IPAS-590', 5, '2022-12-15 19:52:46', 3, '2022-12-15 22:33:46', 6, 38858, 203675),
(3709, 'RNR^C-218', 1, '2022-12-06 19:22:12', 2, '2022-12-06 22:46:12', 10, 50881, 108735),
(3710, 'SPRT-727', 2, '2022-12-12 19:55:30', 2, '2022-12-12 23:50:30', 6, 76650, 255871),
(3711, 'SAN^A-230', 2, '2022-11-26 23:11:21', 3, '2022-11-27 01:33:21', 8, 36650, 134926),
(3712, 'PETX-681', 6, '2022-12-02 14:50:13', 3, '2022-12-02 18:44:13', 6, 31060, 224760),
(3713, 'UNH-514', 1, '2022-12-07 10:59:17', 1, '2022-12-07 14:26:17', 7, 38987, 263453),
(3714, 'PLSE-142', 2, '2022-12-15 10:41:02', 2, '2022-12-15 13:10:02', 9, 55901, 282404),
(3715, 'PL^C-802', 1, '2022-11-25 09:25:22', 2, '2022-11-25 11:11:22', 9, 74799, 209226),
(3716, 'GNCA-128', 4, '2022-12-07 04:01:49', 5, '2022-12-07 06:13:49', 7, 73421, 102310),
(3717, 'ATHN-209', 4, '2022-12-24 03:31:03', 2, '2022-12-24 05:35:03', 10, 44004, 124411),
(3718, 'MYI-641', 2, '2022-11-23 14:13:35', 4, '2022-11-23 18:22:35', 10, 30100, 121156),
(3719, 'KTF-150', 3, '2022-12-10 12:12:44', 3, '2022-12-10 14:15:44', 6, 35458, 199810),
(3720, 'VEAC-782', 5, '2022-12-27 08:38:04', 1, '2022-12-27 12:12:04', 9, 22843, 230684),
(3721, 'PEP-123', 6, '2022-12-12 06:54:39', 1, '2022-12-12 10:26:39', 9, 51973, 122097),
(3722, 'ANDAR-918', 5, '2022-12-26 10:25:15', 4, '2022-12-26 15:18:15', 7, 23986, 143378),
(3723, 'CLDR-318', 1, '2022-12-30 16:37:17', 2, '2022-12-30 19:27:17', 6, 44981, 258674),
(3724, 'CCE-31', 2, '2022-11-30 23:44:04', 2, '2022-12-01 03:52:04', 6, 44071, 297405),
(3725, 'CIL-841', 5, '2022-12-18 18:29:55', 5, '2022-12-18 21:19:55', 9, 29324, 194150),
(3726, 'FNBG-738', 2, '2022-12-26 04:44:19', 3, '2022-12-26 06:24:19', 6, 79439, 207147),
(3727, 'FSIC-774', 6, '2022-12-18 22:48:33', 2, '2022-12-19 01:54:33', 10, 42634, 273724),
(3728, 'UBSI-271', 1, '2022-12-03 22:14:58', 3, '2022-12-04 01:21:58', 8, 75765, 143791),
(3729, 'MHD-573', 3, '2022-12-03 23:08:46', 5, '2022-12-04 02:13:46', 9, 38627, 292231),
(3730, 'OREX-84', 6, '2022-12-26 17:36:40', 5, '2022-12-26 20:48:40', 9, 36209, 148614),
(3731, 'MTRX-561', 5, '2022-11-26 03:32:09', 5, '2022-11-26 07:49:09', 10, 44073, 170042),
(3732, 'NVLN-875', 1, '2022-12-06 21:26:49', 2, '2022-12-07 01:50:49', 7, 31349, 182453),
(3733, 'HMTA-664', 5, '2022-11-28 14:55:18', 3, '2022-11-28 19:54:18', 8, 58709, 181467),
(3734, 'GCV^B-693', 6, '2022-12-14 06:37:40', 2, '2022-12-14 09:54:40', 8, 50025, 146548),
(3735, 'PNNT-965', 6, '2022-12-11 00:28:05', 1, '2022-12-11 03:42:05', 8, 36933, 194560),
(3736, 'AIN-687', 3, '2022-12-30 19:42:34', 4, '2022-12-31 00:10:34', 9, 38815, 159497),
(3737, 'OSTK-981', 4, '2022-11-19 12:03:29', 3, '2022-11-19 16:06:29', 8, 20387, 216419),
(3738, 'EOG-756', 4, '2022-12-09 00:10:52', 2, '2022-12-09 02:01:52', 7, 44719, 111894),
(3739, 'NLSN-929', 2, '2022-11-22 23:20:41', 3, '2022-11-23 02:22:41', 7, 42242, 182559),
(3740, 'EXA-530', 5, '2022-12-10 11:02:20', 2, '2022-12-10 13:39:20', 8, 43791, 199881),
(3741, 'SILC-581', 1, '2022-12-03 11:42:40', 3, '2022-12-03 16:14:40', 10, 66377, 234099),
(3742, 'SBLK-652', 1, '2022-12-02 03:54:06', 3, '2022-12-02 08:28:06', 7, 37435, 285616),
(3743, 'BBT^G-956', 1, '2022-12-27 14:48:37', 1, '2022-12-27 19:30:37', 6, 58785, 124380),
(3744, 'PTH-653', 6, '2022-12-15 09:28:11', 1, '2022-12-15 12:25:11', 8, 42124, 202233),
(3745, 'WSM-204', 4, '2022-12-02 11:13:55', 3, '2022-12-02 16:03:55', 8, 62743, 115433),
(3746, 'CZWI-635', 6, '2022-12-16 00:53:28', 4, '2022-12-16 05:06:28', 7, 28951, 107999),
(3747, 'APDN-347', 6, '2022-12-26 19:02:27', 4, '2022-12-26 22:09:27', 9, 48530, 299947),
(3748, 'ICAD-733', 4, '2022-11-19 20:46:45', 2, '2022-11-19 22:43:45', 7, 33331, 180483),
(3749, 'CCBG-363', 5, '2022-12-20 17:17:59', 5, '2022-12-20 19:57:59', 8, 58408, 273262),
(3750, 'NEWTL-415', 4, '2022-11-25 04:34:09', 2, '2022-11-25 09:18:09', 6, 71271, 248506),
(3751, 'VER-515', 5, '2022-12-23 13:03:33', 2, '2022-12-23 15:50:33', 6, 78337, 261285),
(3752, 'FANH-744', 3, '2022-11-23 12:54:11', 3, '2022-11-23 17:11:11', 6, 57867, 262055),
(3753, 'EQR-815', 2, '2022-11-21 08:57:51', 2, '2022-11-21 11:50:51', 10, 41433, 177873),
(3754, 'VCYT-510', 1, '2022-12-18 19:10:02', 1, '2022-12-18 21:31:02', 6, 65346, 298091),
(3755, 'ALLY-600', 5, '2022-12-08 11:51:11', 2, '2022-12-08 14:46:11', 7, 46701, 163315),
(3756, 'GERN-998', 5, '2022-12-18 07:57:51', 2, '2022-12-18 09:48:51', 9, 56398, 150419),
(3757, 'AFGH-810', 6, '2022-12-19 11:06:35', 2, '2022-12-19 13:58:35', 9, 73337, 195494),
(3758, 'KEX-135', 3, '2022-12-28 14:33:14', 5, '2022-12-28 19:18:14', 9, 59018, 102350),
(3759, 'ENZL-63', 3, '2022-11-23 13:18:46', 3, '2022-11-23 17:43:46', 7, 30961, 295857),
(3760, 'FTXG-522', 3, '2022-12-08 17:27:20', 3, '2022-12-08 21:45:20', 8, 63664, 122963),
(3761, 'HQY-753', 3, '2022-12-22 03:15:16', 1, '2022-12-22 05:26:16', 10, 57671, 238976),
(3762, 'AMKR-818', 1, '2022-11-18 17:22:38', 4, '2022-11-18 21:29:38', 6, 47300, 116274);
INSERT INTO `flights` (`id`, `code`, `airline_id`, `departure_time`, `departure_city_id`, `arrival_time`, `arrival_city_id`, `price_economy`, `price_business`) VALUES
(3763, 'GHL-848', 1, '2022-11-21 22:23:14', 5, '2022-11-22 02:51:14', 8, 74974, 127361),
(3764, 'HEI.A-323', 4, '2022-11-21 03:11:32', 2, '2022-11-21 05:12:32', 9, 59637, 117063),
(3765, 'TRP-755', 5, '2022-11-29 04:04:59', 1, '2022-11-29 08:07:59', 10, 77361, 131666),
(3766, 'MORE      ', 1, '2022-11-22 22:53:10', 5, '2022-11-23 00:44:10', 10, 30533, 263770),
(3767, 'BOMN-168', 2, '2022-11-29 22:58:10', 3, '2022-11-30 01:13:10', 6, 32780, 191879),
(3768, 'SND-969', 4, '2022-12-23 08:42:02', 5, '2022-12-23 12:09:02', 6, 73217, 120483),
(3769, 'WFC^O-446', 5, '2022-11-20 07:04:14', 5, '2022-11-20 10:03:14', 7, 22686, 283705),
(3770, 'WFC^W-55', 2, '2022-11-30 09:35:16', 2, '2022-11-30 12:39:16', 10, 50232, 150470),
(3771, 'HDP-807', 5, '2022-11-29 13:30:50', 2, '2022-11-29 16:02:50', 7, 48846, 121066),
(3772, 'DDT-942', 4, '2022-12-03 14:28:03', 1, '2022-12-03 18:13:03', 6, 58356, 188108),
(3773, 'TCBK-194', 6, '2022-12-03 10:03:32', 5, '2022-12-03 12:58:32', 7, 36657, 258724),
(3774, 'AFGE-358', 2, '2022-12-06 08:33:15', 3, '2022-12-06 13:24:15', 10, 77330, 234231),
(3775, 'WVVIP-956', 6, '2022-12-09 07:46:25', 4, '2022-12-09 09:41:25', 8, 70120, 206722),
(3776, 'HBHCL-593', 5, '2022-12-30 18:24:34', 2, '2022-12-30 20:47:34', 9, 40935, 192230),
(3777, 'TDI-764', 1, '2022-12-14 01:50:42', 2, '2022-12-14 05:54:42', 8, 77539, 118386),
(3778, 'GPM-38', 3, '2022-11-30 04:29:46', 5, '2022-11-30 06:58:46', 7, 71993, 137439),
(3779, 'GOOGL-134', 3, '2022-12-29 16:48:11', 3, '2022-12-29 18:40:11', 7, 63668, 279928),
(3780, 'HTGM-141', 1, '2022-12-07 01:12:57', 2, '2022-12-07 06:04:57', 9, 43240, 222584),
(3781, 'TLT-567', 5, '2022-12-30 15:30:47', 1, '2022-12-30 18:39:47', 7, 74156, 258155),
(3782, 'IBB-155', 1, '2022-12-24 02:17:04', 4, '2022-12-24 06:53:04', 9, 47002, 171605),
(3783, 'LDOS-604', 3, '2022-12-08 18:17:35', 1, '2022-12-08 22:45:35', 8, 37035, 212581),
(3784, 'BPT-666', 6, '2022-12-08 04:34:22', 5, '2022-12-08 08:37:22', 9, 34518, 186519),
(3785, 'CCCR-428', 6, '2022-12-25 04:52:22', 5, '2022-12-25 08:00:22', 8, 46260, 230774),
(3786, 'CRH-655', 2, '2022-11-30 02:32:25', 3, '2022-11-30 06:27:25', 6, 40327, 105380),
(3787, 'NEFF-632', 3, '2022-11-19 23:46:04', 4, '2022-11-20 03:13:04', 7, 20012, 270147),
(3788, 'UPLD-426', 2, '2022-12-15 21:07:47', 2, '2022-12-16 01:32:47', 7, 49171, 297660),
(3789, 'AZRE-161', 3, '2022-12-23 04:45:44', 5, '2022-12-23 07:30:44', 9, 49922, 249244),
(3790, 'FAF-373', 2, '2022-12-22 09:47:42', 1, '2022-12-22 12:42:42', 7, 24500, 224848),
(3791, 'RDVY-832', 4, '2022-11-24 21:58:01', 1, '2022-11-25 00:00:01', 6, 72742, 182827),
(3792, 'YY-270', 4, '2022-12-18 07:00:58', 3, '2022-12-18 09:39:58', 10, 35040, 236377),
(3793, 'EQM-81', 5, '2022-11-23 16:41:53', 5, '2022-11-23 19:17:53', 8, 47802, 213575),
(3794, 'GYB-153', 3, '2022-11-22 14:21:03', 2, '2022-11-22 16:03:03', 9, 48053, 259503),
(3795, 'MYN-974', 2, '2022-12-18 08:37:22', 1, '2022-12-18 13:04:22', 7, 79301, 197374),
(3796, 'RCMT-92', 2, '2022-12-25 21:32:45', 4, '2022-12-26 01:30:45', 7, 62430, 195390),
(3797, 'AGO^F-693', 3, '2022-12-13 12:12:06', 3, '2022-12-13 14:57:06', 8, 54543, 211221),
(3798, 'BFIT-214', 6, '2022-11-23 15:21:53', 4, '2022-11-23 20:13:53', 9, 50140, 235689),
(3799, 'BMRN-296', 1, '2022-12-27 20:44:54', 1, '2022-12-27 22:27:54', 6, 79481, 244467),
(3800, 'INVA-769', 6, '2022-12-18 21:08:53', 4, '2022-12-18 23:33:53', 9, 49206, 221095),
(3801, 'DRH-206', 4, '2022-12-18 23:33:54', 5, '2022-12-19 03:40:54', 7, 26351, 257598),
(3802, 'AGNC-693', 3, '2022-12-05 08:04:16', 4, '2022-12-05 11:26:16', 9, 68066, 288653),
(3803, 'BUI-926', 1, '2022-11-26 15:24:13', 3, '2022-11-26 18:57:13', 8, 32781, 203291),
(3804, 'MIXT-159', 2, '2022-12-29 03:31:47', 4, '2022-12-29 08:06:47', 9, 37177, 198365),
(3805, 'TGEN-150', 6, '2022-12-22 18:13:54', 5, '2022-12-22 20:37:54', 7, 31972, 260327),
(3806, 'SHLX-622', 1, '2022-12-22 17:27:18', 4, '2022-12-22 20:52:18', 6, 44447, 232163),
(3807, 'AF-179', 5, '2022-12-27 13:29:44', 3, '2022-12-27 15:19:44', 9, 42346, 155117),
(3808, 'PIO-66', 4, '2022-11-19 19:11:38', 5, '2022-11-19 21:56:38', 10, 29950, 105501),
(3809, 'VRSN-626', 6, '2022-11-23 19:33:00', 2, '2022-11-23 23:56:00', 10, 42463, 202820),
(3810, 'ACH-226', 2, '2022-12-29 22:40:00', 4, '2022-12-30 02:05:00', 8, 44953, 237692),
(3811, 'MS^I-463', 1, '2022-11-26 14:26:57', 1, '2022-11-26 19:00:57', 7, 53948, 270962),
(3812, 'QUIK-491', 5, '2022-11-21 11:23:12', 5, '2022-11-21 15:52:12', 6, 75347, 143974),
(3813, 'MMDMW-775', 1, '2022-11-30 22:57:46', 1, '2022-12-01 02:19:46', 7, 68366, 223338),
(3814, 'GD-813', 2, '2022-12-18 05:36:34', 4, '2022-12-18 08:23:34', 7, 33938, 110101),
(3815, 'CCN-763', 1, '2022-12-21 06:44:37', 1, '2022-12-21 11:33:37', 6, 55255, 251489),
(3816, 'SBOT-235', 1, '2022-12-14 18:05:57', 2, '2022-12-14 21:41:57', 6, 45108, 133552),
(3817, 'VEACU-695', 4, '2022-12-02 01:44:19', 2, '2022-12-02 05:48:19', 8, 22369, 204173),
(3818, 'GEF-842', 5, '2022-12-04 00:48:54', 4, '2022-12-04 04:53:54', 10, 40561, 166561),
(3819, 'GEO-788', 1, '2022-12-11 07:13:48', 1, '2022-12-11 10:47:48', 8, 37776, 116163),
(3820, 'CTU-23', 5, '2022-12-26 00:45:53', 5, '2022-12-26 04:51:53', 9, 67344, 254130),
(3821, 'SIRI-929', 5, '2022-12-13 04:06:28', 5, '2022-12-13 08:29:28', 10, 65427, 249427),
(3822, 'CORE-508', 2, '2022-11-23 20:55:59', 2, '2022-11-23 23:02:59', 6, 63945, 122041),
(3823, 'UZC-789', 2, '2022-12-25 08:58:14', 3, '2022-12-25 13:25:14', 8, 56801, 291732),
(3824, 'OSBCP-307', 4, '2022-11-27 16:08:44', 1, '2022-11-27 19:11:44', 7, 60937, 132192),
(3825, 'TK-29', 3, '2022-11-24 19:44:22', 4, '2022-11-24 23:26:22', 8, 22091, 242598),
(3826, 'HIBB-73', 2, '2022-12-29 18:19:56', 4, '2022-12-29 20:28:56', 10, 32068, 248254),
(3827, 'MS^F-346', 6, '2022-12-22 13:31:16', 2, '2022-12-22 17:11:16', 10, 24094, 161292),
(3828, 'CRAI-509', 5, '2022-12-29 06:21:15', 5, '2022-12-29 08:39:15', 10, 74831, 277300),
(3829, 'TCFC-22', 4, '2022-12-05 09:53:45', 2, '2022-12-05 12:50:45', 9, 59750, 261669),
(3830, 'NHTC-36', 2, '2022-12-12 07:44:45', 1, '2022-12-12 10:43:45', 8, 59810, 212525),
(3831, 'LBTYA-694', 3, '2022-12-06 18:05:30', 4, '2022-12-06 22:45:30', 10, 47303, 120024),
(3832, 'HIMX-56', 5, '2022-11-19 19:11:26', 5, '2022-11-19 23:47:26', 6, 52036, 281747),
(3833, 'VLP-342', 5, '2022-12-21 03:54:19', 1, '2022-12-21 05:47:19', 9, 30857, 118814),
(3834, 'SLNO-338', 6, '2022-12-11 00:33:25', 4, '2022-12-11 02:19:25', 8, 32339, 284518),
(3835, 'TOWR-562', 1, '2022-12-02 05:48:56', 2, '2022-12-02 08:53:56', 6, 43932, 173205),
(3836, 'CBS-248', 5, '2022-11-26 09:29:38', 5, '2022-11-26 13:30:38', 9, 78302, 233656),
(3837, 'KMPH-468', 6, '2022-12-08 06:46:16', 1, '2022-12-08 10:09:16', 8, 23047, 105854),
(3838, 'KIN-344', 3, '2022-12-22 02:47:37', 4, '2022-12-22 05:11:37', 9, 44546, 214854),
(3839, 'NMI-877', 5, '2022-12-01 15:56:16', 5, '2022-12-01 20:14:16', 10, 60565, 183424),
(3840, 'FFNW-274', 6, '2022-12-28 10:39:52', 3, '2022-12-28 12:59:52', 8, 38549, 221211),
(3841, 'OCLR-34', 5, '2022-12-22 21:59:10', 1, '2022-12-23 00:21:10', 7, 73119, 178410),
(3842, 'AFGE-346', 4, '2022-12-19 14:26:55', 4, '2022-12-19 18:24:55', 9, 57662, 193752),
(3843, 'ZIONZ-129', 6, '2022-12-04 10:38:31', 3, '2022-12-04 14:46:31', 10, 48967, 164722),
(3844, 'BGC-781', 5, '2022-12-30 22:27:39', 1, '2022-12-31 03:26:39', 6, 52300, 285963),
(3845, 'MTCH-204', 3, '2022-11-28 00:20:20', 1, '2022-11-28 03:27:20', 7, 53268, 162999),
(3846, 'FBP-64', 1, '2022-12-23 08:46:11', 2, '2022-12-23 12:16:11', 10, 26236, 124257),
(3847, 'UMBF-936', 5, '2022-12-26 20:30:06', 1, '2022-12-27 01:13:06', 6, 61893, 169584),
(3848, 'ALX-732', 5, '2022-12-02 10:03:04', 5, '2022-12-02 14:58:04', 6, 30749, 132581),
(3849, 'TWN-833', 5, '2022-12-30 23:54:52', 3, '2022-12-31 03:24:52', 8, 70557, 295420),
(3850, 'VGSH-736', 6, '2022-12-06 21:00:50', 1, '2022-12-06 22:46:50', 6, 59977, 262825),
(3851, 'SAUC-53', 6, '2022-12-19 15:16:18', 5, '2022-12-19 19:22:18', 10, 39762, 193930),
(3852, 'SHSP-447', 4, '2022-12-10 12:30:20', 2, '2022-12-10 14:11:20', 8, 37986, 158315),
(3853, 'TPC-396', 6, '2022-11-28 07:32:56', 4, '2022-11-28 09:45:56', 8, 71822, 247449),
(3854, 'CIVI-640', 6, '2022-12-17 22:06:31', 1, '2022-12-18 00:27:31', 8, 29577, 167257),
(3855, 'CTRP-465', 4, '2022-12-20 04:47:43', 1, '2022-12-20 09:43:43', 6, 65473, 265981),
(3856, 'EBR.B-993', 4, '2022-12-27 08:36:41', 1, '2022-12-27 10:19:41', 7, 70683, 247362),
(3857, 'XRX-176', 2, '2022-12-15 19:26:45', 3, '2022-12-15 21:25:45', 9, 62176, 220155),
(3858, 'ASTE-980', 2, '2022-12-29 05:55:52', 3, '2022-12-29 10:09:52', 6, 73055, 241161),
(3859, 'GPK-459', 2, '2022-12-27 10:32:18', 1, '2022-12-27 13:01:18', 9, 75681, 238880),
(3860, 'SYMC-393', 3, '2022-12-12 10:09:59', 3, '2022-12-12 14:23:59', 10, 31277, 123437),
(3861, 'FAAR-332', 6, '2022-12-24 21:34:29', 2, '2022-12-25 02:22:29', 10, 36751, 174570),
(3862, 'KFS-553', 6, '2022-11-28 22:03:49', 3, '2022-11-29 00:40:49', 7, 28341, 249665),
(3863, 'CPTA-987', 1, '2022-11-22 03:09:39', 1, '2022-11-22 07:12:39', 9, 32654, 270862),
(3864, 'VWOB-833', 3, '2022-12-17 08:38:19', 5, '2022-12-17 10:42:19', 6, 46973, 143920),
(3865, 'RELX-248', 5, '2022-11-27 12:17:10', 5, '2022-11-27 16:14:10', 7, 79709, 245226),
(3866, 'TDS-470', 5, '2022-12-29 02:45:59', 2, '2022-12-29 07:43:59', 10, 30335, 260159),
(3867, 'OACQW-331', 3, '2022-12-17 15:55:06', 1, '2022-12-17 17:36:06', 9, 34055, 101923),
(3868, 'PSB^W-570', 3, '2022-11-29 07:03:40', 1, '2022-11-29 11:35:40', 8, 39746, 209942),
(3869, 'PMD-874', 4, '2022-12-07 10:54:08', 4, '2022-12-07 13:24:08', 7, 36898, 294679),
(3870, 'SSB-866', 2, '2022-12-13 16:33:05', 1, '2022-12-13 19:54:05', 9, 36312, 123962),
(3871, 'SCZ-37', 3, '2022-12-06 08:24:10', 3, '2022-12-06 12:03:10', 8, 55376, 165231),
(3872, 'MGCD-650', 2, '2022-12-28 12:47:23', 1, '2022-12-28 15:58:23', 10, 73932, 169223),
(3873, 'FORK-174', 3, '2022-12-23 14:54:44', 2, '2022-12-23 19:01:44', 9, 28172, 266214),
(3874, 'RAS^B-513', 4, '2022-11-30 06:08:57', 4, '2022-11-30 08:32:57', 7, 70843, 190432),
(3875, 'RCII-225', 6, '2022-11-28 05:30:56', 5, '2022-11-28 09:27:56', 6, 79646, 168902),
(3876, 'CCCL-56', 2, '2022-11-26 06:00:14', 4, '2022-11-26 10:08:14', 9, 30721, 204981),
(3877, 'INB-551', 6, '2022-12-06 11:57:37', 2, '2022-12-06 15:42:37', 9, 53380, 162517),
(3878, 'CLAC-792', 4, '2022-12-22 10:11:47', 2, '2022-12-22 14:59:47', 9, 72424, 138165),
(3879, 'GLDD-564', 5, '2022-12-21 05:51:55', 2, '2022-12-21 10:12:55', 6, 25911, 222262),
(3880, 'OXBRW-506', 2, '2022-11-26 00:58:35', 5, '2022-11-26 05:00:35', 9, 21911, 234062),
(3881, 'SUP-368', 1, '2022-12-15 14:28:19', 5, '2022-12-15 16:22:19', 6, 53779, 115492),
(3882, 'SIR-219', 2, '2022-12-01 12:48:50', 2, '2022-12-01 15:43:50', 7, 44471, 254263),
(3883, 'RBS^L-522', 4, '2022-12-04 11:21:40', 4, '2022-12-04 14:26:40', 8, 46561, 222465),
(3884, 'SLCT-159', 4, '2022-12-25 15:11:54', 5, '2022-12-25 19:20:54', 7, 52101, 240284),
(3885, 'ZTR-922', 6, '2022-12-15 18:47:32', 5, '2022-12-15 22:36:32', 6, 47613, 170179),
(3886, 'FLC-542', 6, '2022-12-12 06:16:16', 2, '2022-12-12 07:56:16', 10, 31270, 258263),
(3887, 'NEM-102', 6, '2022-12-12 05:11:53', 2, '2022-12-12 07:10:53', 6, 24590, 115879),
(3888, 'AIR-17', 4, '2022-12-16 10:49:20', 3, '2022-12-16 14:01:20', 9, 60799, 187233),
(3889, 'MTLS-742', 4, '2022-11-19 21:35:43', 2, '2022-11-19 23:31:43', 10, 45106, 196425),
(3890, 'AMRC-713', 2, '2022-12-06 19:33:06', 4, '2022-12-06 21:44:06', 7, 40616, 102186),
(3891, 'SCSS-385', 4, '2022-11-22 07:12:43', 5, '2022-11-22 11:33:43', 6, 30537, 183050),
(3892, 'ACTA-198', 6, '2022-12-04 07:29:03', 5, '2022-12-04 12:21:03', 10, 21660, 127881),
(3893, 'CRS-512', 5, '2022-12-09 02:48:37', 2, '2022-12-09 06:45:37', 10, 54802, 295805),
(3894, 'VLY^A-659', 1, '2022-12-25 00:29:01', 3, '2022-12-25 04:22:01', 7, 25100, 111110),
(3895, 'INSY-861', 4, '2022-12-13 16:36:47', 5, '2022-12-13 18:50:47', 9, 40123, 254206),
(3896, 'INST-939', 1, '2022-11-28 19:16:46', 4, '2022-11-28 23:01:46', 9, 48552, 158930),
(3897, 'PGJ-456', 2, '2022-11-26 05:43:37', 5, '2022-11-26 08:28:37', 6, 46878, 120798),
(3898, 'OBCI-804', 3, '2022-12-17 20:56:14', 2, '2022-12-17 22:49:14', 9, 65275, 251837),
(3899, 'ICHR-949', 1, '2022-12-01 05:22:46', 5, '2022-12-01 09:53:46', 10, 59294, 119357),
(3900, 'VEACU-114', 6, '2022-11-30 11:14:08', 5, '2022-11-30 16:05:08', 8, 37387, 264218),
(3901, 'KTP-13', 1, '2022-12-24 00:51:07', 5, '2022-12-24 05:32:07', 10, 46969, 180854),
(3902, 'HOLX-258', 5, '2022-12-17 06:47:41', 3, '2022-12-17 09:56:41', 6, 27038, 135854),
(3903, 'WMK-376', 1, '2022-11-28 17:08:23', 2, '2022-11-28 21:56:23', 8, 21836, 279566),
(3904, 'GOF-82', 6, '2022-11-19 16:33:10', 1, '2022-11-19 20:10:10', 6, 46920, 144481),
(3905, 'CCZ-288', 1, '2022-11-24 23:59:18', 2, '2022-11-25 04:10:18', 8, 24088, 192797),
(3906, 'FBNK-320', 5, '2022-11-24 15:35:29', 2, '2022-11-24 18:10:29', 6, 52081, 204616),
(3907, 'PBR.A-632', 1, '2022-11-18 23:08:09', 1, '2022-11-19 02:29:09', 8, 22178, 258740),
(3908, 'BORN-989', 3, '2022-12-16 08:49:02', 2, '2022-12-16 12:53:02', 8, 52901, 137636),
(3909, 'HEI.A-838', 6, '2022-12-30 15:17:00', 4, '2022-12-30 20:03:00', 7, 59156, 234852),
(3910, 'CNXN-126', 6, '2022-12-03 13:37:05', 5, '2022-12-03 17:24:05', 9, 71231, 177129),
(3911, 'FAF-971', 5, '2022-12-12 12:20:05', 4, '2022-12-12 16:42:05', 8, 67477, 216769),
(3912, 'NHA-386', 2, '2022-12-19 12:46:53', 5, '2022-12-19 15:44:53', 10, 31324, 209670),
(3913, 'AYR-557', 4, '2022-11-18 09:41:10', 4, '2022-11-18 13:46:10', 7, 76057, 266057),
(3914, 'ESTE-765', 2, '2022-12-18 16:34:26', 1, '2022-12-18 21:20:26', 7, 40193, 110640),
(3915, 'MMDMU-441', 2, '2022-12-21 21:31:10', 3, '2022-12-22 01:00:10', 8, 37401, 283059),
(3916, 'PH-829', 4, '2022-11-29 10:41:51', 2, '2022-11-29 13:52:51', 6, 23150, 251056),
(3917, 'AIA-945', 3, '2022-12-03 00:53:44', 2, '2022-12-03 02:46:44', 6, 50565, 130214),
(3918, 'EGY-990', 3, '2022-12-29 05:16:53', 4, '2022-12-29 08:42:53', 7, 54622, 109580),
(3919, 'WNEB-745', 1, '2022-12-30 20:34:57', 5, '2022-12-30 22:34:57', 10, 27969, 275110),
(3920, 'NUROW-336', 5, '2022-12-28 09:09:50', 5, '2022-12-28 12:51:50', 9, 46462, 141513),
(3921, 'TEDU-386', 2, '2022-11-18 16:05:12', 3, '2022-11-18 20:52:12', 8, 52587, 163333),
(3922, 'CNBKA-804', 4, '2022-12-18 06:16:56', 3, '2022-12-18 08:34:56', 6, 54791, 118495),
(3923, 'LOGM-966', 5, '2022-12-03 09:13:15', 4, '2022-12-03 11:14:15', 9, 42302, 208705),
(3924, 'GDO-36', 1, '2022-12-18 03:34:42', 3, '2022-12-18 05:51:42', 10, 70067, 192603),
(3925, 'STZ-729', 2, '2022-12-10 03:58:25', 1, '2022-12-10 08:33:25', 8, 49342, 257858),
(3926, 'SYNT-595', 5, '2022-12-24 00:33:21', 4, '2022-12-24 05:26:21', 6, 26167, 211302),
(3927, 'NHA-688', 3, '2022-11-24 15:45:13', 4, '2022-11-24 18:17:13', 9, 76352, 134673),
(3928, 'CNS-273', 5, '2022-12-24 07:25:27', 2, '2022-12-24 11:09:27', 9, 62649, 207833),
(3929, 'DSLV-969', 5, '2022-12-09 10:57:59', 2, '2022-12-09 15:36:59', 9, 75891, 222511),
(3930, 'LINU-473', 6, '2022-12-28 21:50:32', 3, '2022-12-28 23:47:32', 10, 48830, 240758),
(3931, 'COUP-627', 5, '2022-11-30 20:18:03', 4, '2022-11-30 23:37:03', 6, 73801, 229404),
(3932, 'AHC-321', 5, '2022-12-28 18:54:08', 2, '2022-12-28 23:47:08', 6, 38884, 222711),
(3933, 'CDNA-345', 3, '2022-11-25 04:38:51', 3, '2022-11-25 08:18:51', 6, 40932, 122973),
(3934, 'NXJ-319', 1, '2022-12-19 04:48:19', 2, '2022-12-19 09:03:19', 10, 58580, 160445),
(3935, 'OAKS-722', 3, '2022-11-29 01:12:53', 1, '2022-11-29 04:26:53', 6, 73855, 237916),
(3936, 'FIF-940', 5, '2022-11-28 19:05:45', 4, '2022-11-28 22:29:45', 9, 62613, 249489),
(3937, 'UNH-361', 4, '2022-11-19 04:22:12', 5, '2022-11-19 06:14:12', 9, 75715, 201304),
(3938, 'CAH-503', 3, '2022-12-14 07:14:28', 5, '2022-12-14 12:00:28', 7, 73205, 221887),
(3939, 'CIO-643', 1, '2022-12-20 16:29:31', 3, '2022-12-20 20:29:31', 6, 40269, 166348),
(3940, 'CIG-717', 3, '2022-11-18 07:23:37', 3, '2022-11-18 11:29:37', 7, 73501, 191003),
(3941, 'MDRX-445', 1, '2022-12-20 13:16:38', 1, '2022-12-20 17:32:38', 10, 42290, 271443),
(3942, 'BFK-73', 5, '2022-12-06 18:53:48', 2, '2022-12-06 21:38:48', 8, 51271, 182720),
(3943, 'ALIM-200', 5, '2022-11-28 16:10:08', 2, '2022-11-28 19:10:08', 10, 62583, 204583),
(3944, 'TGP-759', 6, '2022-12-10 03:01:25', 4, '2022-12-10 07:14:25', 9, 32832, 139937),
(3945, 'FULLL-476', 3, '2022-11-30 18:09:15', 2, '2022-11-30 20:52:15', 10, 44337, 136058),
(3946, 'TRV-130', 5, '2022-12-15 13:29:44', 4, '2022-12-15 18:25:44', 7, 77069, 211042),
(3947, 'CKH-560', 2, '2022-12-29 18:21:54', 5, '2022-12-29 23:17:54', 10, 20278, 227191),
(3948, 'WYN-432', 4, '2022-11-22 17:44:38', 3, '2022-11-22 21:45:38', 7, 74439, 103050),
(3949, 'FSNN-94', 4, '2022-11-24 11:14:59', 2, '2022-11-24 13:24:59', 10, 77691, 291538),
(3950, 'CASI-385', 5, '2022-11-29 19:55:32', 5, '2022-11-29 21:41:32', 10, 53900, 177097),
(3951, 'CIM^B-996', 2, '2022-12-07 12:18:10', 5, '2022-12-07 14:05:10', 9, 20833, 221682),
(3952, 'THQ-410', 4, '2022-12-10 08:11:39', 2, '2022-12-10 12:13:39', 10, 66574, 131645),
(3953, 'MCFT-589', 2, '2022-12-27 13:47:01', 2, '2022-12-27 18:27:01', 6, 78489, 120947),
(3954, 'GGAL-510', 4, '2022-11-30 17:32:09', 4, '2022-11-30 19:56:09', 7, 48756, 279714),
(3955, 'DIAX-857', 6, '2022-12-03 04:12:38', 1, '2022-12-03 05:58:38', 10, 65339, 168737),
(3956, 'PLOW-947', 4, '2022-11-27 14:40:35', 3, '2022-11-27 18:26:35', 10, 38444, 141637),
(3957, 'IMRNW-440', 5, '2022-12-02 22:10:18', 4, '2022-12-03 02:33:18', 7, 49974, 259500),
(3958, 'PEP-214', 5, '2022-12-19 05:31:24', 3, '2022-12-19 08:52:24', 7, 63796, 142013),
(3959, 'SMLP-935', 4, '2022-12-21 16:29:14', 5, '2022-12-21 18:44:14', 7, 68428, 213535),
(3960, 'SPAN-521', 1, '2022-12-02 07:09:55', 4, '2022-12-02 11:00:55', 6, 47584, 220499),
(3961, 'BANR-182', 1, '2022-12-18 21:13:31', 4, '2022-12-18 22:53:31', 8, 47115, 109395),
(3962, 'LSTR-19', 1, '2022-11-28 17:22:17', 1, '2022-11-28 19:04:17', 6, 50960, 109672),
(3963, 'BXP^B-820', 4, '2022-11-20 02:33:13', 3, '2022-11-20 04:44:13', 10, 63802, 124487),
(3964, 'CMS^B-709', 5, '2022-12-12 10:16:22', 3, '2022-12-12 13:37:22', 6, 42037, 251196),
(3965, 'BPOPN-886', 6, '2022-11-27 02:22:58', 2, '2022-11-27 04:31:58', 9, 73610, 252191),
(3966, 'NEE^H-790', 1, '2022-12-15 08:08:37', 5, '2022-12-15 11:08:37', 10, 26673, 250887),
(3967, 'NRCIB-610', 6, '2022-12-11 10:07:23', 3, '2022-12-11 12:45:23', 8, 64665, 275139),
(3968, 'MYD-59', 6, '2022-12-02 23:46:55', 3, '2022-12-03 04:20:55', 8, 37503, 115150),
(3969, 'FNCX-938', 6, '2022-12-02 17:11:36', 1, '2022-12-02 20:36:36', 6, 71018, 283534),
(3970, 'CZWI-727', 3, '2022-12-20 10:38:35', 2, '2022-12-20 14:20:35', 7, 57280, 287825),
(3971, 'CHRW-153', 4, '2022-12-06 11:44:22', 3, '2022-12-06 16:37:22', 7, 26435, 270674),
(3972, 'CSL-13', 5, '2022-12-24 08:40:56', 3, '2022-12-24 11:58:56', 10, 66086, 107177),
(3973, 'STFC-869', 5, '2022-12-25 07:05:25', 2, '2022-12-25 11:57:25', 7, 71064, 222166),
(3974, 'STAR      ', 5, '2022-11-29 08:07:11', 3, '2022-11-29 10:39:11', 7, 40475, 253330),
(3975, 'APWC-587', 4, '2022-12-20 06:35:16', 3, '2022-12-20 09:35:16', 7, 73574, 188344),
(3976, 'MS-557', 5, '2022-11-19 14:10:20', 1, '2022-11-19 17:13:20', 6, 65809, 228452),
(3977, 'MUE-59', 5, '2022-12-24 09:38:40', 1, '2022-12-24 13:01:40', 6, 74701, 178287),
(3978, 'WCFB-144', 5, '2022-12-08 15:33:45', 4, '2022-12-08 19:26:45', 7, 79474, 220420),
(3979, 'RPAI-643', 1, '2022-11-29 20:22:45', 4, '2022-11-30 00:14:45', 10, 79960, 150972),
(3980, 'GPT-411', 3, '2022-11-21 17:40:16', 2, '2022-11-21 19:20:16', 10, 62577, 278581),
(3981, 'FMB-466', 3, '2022-12-09 21:03:11', 5, '2022-12-09 23:27:11', 8, 53587, 286885),
(3982, 'TACT-439', 2, '2022-11-18 01:23:11', 2, '2022-11-18 05:52:11', 8, 66164, 216660),
(3983, 'ESCA-990', 1, '2022-11-29 10:59:33', 2, '2022-11-29 13:29:33', 7, 62501, 222990),
(3984, 'RTTR-549', 6, '2022-12-16 07:28:25', 3, '2022-12-16 11:29:25', 7, 51787, 147739),
(3985, 'DOV-509', 6, '2022-11-30 17:26:08', 5, '2022-11-30 22:07:08', 10, 73678, 264416),
(3986, 'LAMR-614', 3, '2022-11-24 07:00:57', 3, '2022-11-24 10:48:57', 8, 57479, 207611),
(3987, 'PANL-167', 2, '2022-11-30 22:55:08', 3, '2022-12-01 03:13:08', 7, 55143, 101185),
(3988, 'CCRN-651', 6, '2022-12-02 22:35:33', 4, '2022-12-03 01:36:33', 9, 48426, 263186),
(3989, 'ARI-373', 4, '2022-12-07 02:40:59', 5, '2022-12-07 07:22:59', 7, 37853, 160921),
(3990, 'MLVF-570', 2, '2022-12-14 16:16:12', 2, '2022-12-14 18:28:12', 8, 63224, 141372),
(3991, 'SLIM-336', 1, '2022-12-24 05:53:46', 3, '2022-12-24 09:08:46', 8, 66688, 175816),
(3992, 'SGH-527', 1, '2022-12-13 08:38:25', 2, '2022-12-13 10:40:25', 10, 70694, 293228),
(3993, 'ELU-268', 2, '2022-12-02 02:12:19', 2, '2022-12-02 05:58:19', 8, 66773, 283004),
(3994, 'HI-451', 6, '2022-12-05 06:12:15', 1, '2022-12-05 07:54:15', 6, 59121, 260599),
(3995, 'ICHR-410', 4, '2022-11-22 01:25:54', 5, '2022-11-22 05:04:54', 7, 53096, 167647),
(3996, 'MOS-729', 3, '2022-12-24 12:19:35', 1, '2022-12-24 15:19:35', 8, 44957, 253238),
(3997, 'VRTSP-700', 6, '2022-12-14 06:38:52', 4, '2022-12-14 09:36:52', 7, 79929, 224744),
(3998, 'SPIL-656', 5, '2022-11-22 09:59:30', 5, '2022-11-22 12:22:30', 9, 77770, 218715),
(3999, 'RAND-721', 5, '2022-11-27 23:59:39', 3, '2022-11-28 03:37:39', 9, 39355, 151072),
(4000, 'BIO-877', 1, '2022-11-20 13:49:34', 4, '2022-11-20 17:37:34', 8, 69685, 123761),
(4001, 'FBIZ-659', 4, '2022-11-19 19:32:02', 3, '2022-11-20 00:07:02', 9, 69682, 299932),
(4002, 'EXG-826', 3, '2022-12-11 08:03:31', 1, '2022-12-11 12:29:31', 9, 63613, 271101),
(4003, 'POT-249', 4, '2022-11-20 20:21:27', 1, '2022-11-20 23:55:27', 8, 30181, 136598),
(4004, 'MCEF-13', 1, '2022-12-15 06:03:45', 3, '2022-12-15 09:52:45', 10, 43421, 202557),
(4005, 'NVLS-515', 2, '2022-12-02 07:43:58', 1, '2022-12-02 09:30:58', 9, 66894, 190372),
(4006, 'AOBC-144', 3, '2022-12-06 12:23:46', 5, '2022-12-06 15:01:46', 6, 53877, 126228),
(4007, 'CPTAG-130', 3, '2022-12-07 22:32:11', 2, '2022-12-08 01:35:11', 7, 55956, 185810),
(4008, 'MOGLC-558', 5, '2022-12-24 04:30:22', 3, '2022-12-24 07:41:22', 9, 55702, 189684),
(4009, 'TEN-514', 5, '2022-12-05 19:31:41', 5, '2022-12-05 22:26:41', 10, 75742, 182130),
(4010, 'FRC^G-872', 2, '2022-12-07 21:25:31', 2, '2022-12-08 01:34:31', 8, 24126, 214473),
(4011, 'HUBG-899', 3, '2022-11-21 19:53:46', 1, '2022-11-21 22:18:46', 10, 49351, 119486),
(4012, 'LBTYA-431', 2, '2022-12-23 21:30:49', 2, '2022-12-24 00:26:49', 8, 50494, 133607),
(4013, 'CXH-999', 1, '2022-12-17 15:59:50', 2, '2022-12-17 18:09:50', 10, 74744, 299299),
(4014, 'ZB^H-783', 1, '2022-12-22 20:27:06', 5, '2022-12-23 01:22:06', 7, 41164, 173213),
(4015, 'HAIN-251', 2, '2022-12-16 09:40:47', 1, '2022-12-16 12:00:47', 10, 53070, 215635),
(4016, 'BIOC-661', 2, '2022-12-26 06:47:42', 5, '2022-12-26 09:13:42', 10, 54765, 280435),
(4017, 'SLP-577', 2, '2022-11-19 05:19:54', 2, '2022-11-19 07:37:54', 6, 65676, 231090),
(4018, 'CYD-457', 2, '2022-11-20 13:41:09', 2, '2022-11-20 15:44:09', 7, 75775, 284816),
(4019, 'ATRI-187', 3, '2022-12-05 01:43:55', 1, '2022-12-05 04:04:55', 10, 34333, 262523),
(4020, 'SAJA-377', 5, '2022-12-21 10:09:55', 1, '2022-12-21 14:33:55', 6, 53130, 194568),
(4021, 'FTRPR-41', 5, '2022-12-15 02:37:37', 4, '2022-12-15 06:04:37', 8, 40968, 236808),
(4022, 'AXS^E-913', 6, '2022-12-26 05:55:48', 2, '2022-12-26 10:34:48', 8, 47803, 189746),
(4023, 'FRPT-801', 2, '2022-12-19 03:43:18', 1, '2022-12-19 05:39:18', 10, 29863, 280282),
(4024, 'MTGEP-741', 2, '2022-11-23 00:58:48', 3, '2022-11-23 04:12:48', 8, 74808, 136110),
(4025, 'FSFR-622', 2, '2022-12-03 10:18:40', 3, '2022-12-03 12:55:40', 10, 52904, 250802),
(4026, 'UNTY-105', 6, '2022-12-22 03:54:47', 5, '2022-12-22 05:50:47', 6, 23717, 205440),
(4027, 'AEG-452', 1, '2022-12-15 01:49:07', 4, '2022-12-15 05:32:07', 10, 53726, 297463),
(4028, 'TARO-595', 3, '2022-11-20 13:21:46', 5, '2022-11-20 15:11:46', 6, 40580, 255851),
(4029, 'QPACU-634', 4, '2022-12-23 11:56:07', 4, '2022-12-23 14:18:07', 9, 63528, 277080),
(4030, 'GSL-570', 1, '2022-11-29 22:00:44', 1, '2022-11-30 01:57:44', 9, 65850, 134622),
(4031, 'INNL-727', 6, '2022-12-24 06:07:35', 4, '2022-12-24 09:10:35', 9, 27436, 239774),
(4032, 'JPC-78', 5, '2022-12-08 11:06:36', 2, '2022-12-08 13:34:36', 10, 50639, 166562),
(4033, 'NIQ-597', 5, '2022-11-20 23:43:16', 4, '2022-11-21 02:20:16', 6, 74228, 128369),
(4034, 'MITL-636', 3, '2022-12-17 00:27:37', 2, '2022-12-17 03:32:37', 7, 37969, 134316),
(4035, 'JCAP-170', 2, '2022-12-04 22:20:31', 4, '2022-12-05 00:24:31', 8, 36125, 271510),
(4036, 'AUBN-178', 1, '2022-11-28 19:26:57', 3, '2022-11-28 22:30:57', 10, 37316, 275443),
(4037, 'VIGI-244', 4, '2022-12-26 13:11:11', 4, '2022-12-26 17:44:11', 8, 24873, 174801),
(4038, 'GEOS-610', 4, '2022-12-01 15:16:30', 4, '2022-12-01 20:11:30', 7, 28112, 274948),
(4039, 'CMRE-476', 1, '2022-11-18 03:21:40', 2, '2022-11-18 05:18:40', 9, 25260, 296636),
(4040, 'CIO^A-819', 2, '2022-11-28 16:17:20', 3, '2022-11-28 20:40:20', 7, 62987, 155068),
(4041, 'HRS-318', 1, '2022-11-18 10:40:51', 3, '2022-11-18 13:47:51', 8, 47266, 186922),
(4042, 'KBSF-822', 2, '2022-12-16 22:12:39', 4, '2022-12-17 00:30:39', 8, 26629, 295598),
(4043, 'ICD-641', 3, '2022-11-30 18:27:41', 2, '2022-11-30 20:34:41', 8, 43247, 183070),
(4044, 'NUAN-517', 5, '2022-12-18 02:04:19', 5, '2022-12-18 06:36:19', 7, 53678, 257545),
(4045, 'PLW-347', 6, '2022-12-05 10:52:15', 5, '2022-12-05 15:49:15', 6, 69461, 148654),
(4046, 'SHSP-235', 6, '2022-12-26 23:05:22', 4, '2022-12-27 03:15:22', 6, 28963, 158394),
(4047, 'CTU-39', 5, '2022-12-01 15:44:51', 3, '2022-12-01 17:47:51', 6, 73270, 113503),
(4048, 'IESC-418', 2, '2022-12-25 16:06:05', 3, '2022-12-25 19:48:05', 8, 26009, 198099),
(4049, 'NICK-652', 5, '2022-11-18 16:00:46', 2, '2022-11-18 17:48:46', 8, 78433, 145967),
(4050, 'FOANC-847', 5, '2022-12-28 18:03:55', 4, '2022-12-28 22:24:55', 10, 78634, 140413),
(4051, 'VRAY-325', 3, '2022-12-07 10:11:52', 2, '2022-12-07 13:16:52', 7, 36262, 138099),
(4052, 'INSY-118', 5, '2022-12-08 22:27:22', 3, '2022-12-09 02:37:22', 7, 52590, 109655),
(4053, 'VKTXW-55', 6, '2022-12-27 02:49:51', 3, '2022-12-27 06:26:51', 9, 47534, 185169),
(4054, 'BLFS-624', 2, '2022-11-30 06:12:21', 4, '2022-11-30 08:33:21', 9, 75755, 296951),
(4055, 'AHPI-373', 1, '2022-11-19 15:21:36', 3, '2022-11-19 18:23:36', 10, 27066, 116029),
(4056, 'CSII-16', 1, '2022-12-27 21:42:51', 4, '2022-12-28 00:53:51', 9, 56119, 136701),
(4057, 'BOOM-502', 5, '2022-11-21 02:09:52', 3, '2022-11-21 04:09:52', 7, 77439, 242512),
(4058, 'JASO-509', 4, '2022-11-21 10:14:32', 3, '2022-11-21 14:54:32', 10, 43676, 101347),
(4059, 'HTLF-459', 2, '2022-12-10 15:48:45', 4, '2022-12-10 19:12:45', 7, 23297, 238468),
(4060, 'LQDT-837', 2, '2022-12-18 21:39:14', 5, '2022-12-19 00:34:14', 7, 64589, 234723),
(4061, 'PLCE-793', 3, '2022-11-21 18:02:29', 1, '2022-11-21 21:52:29', 8, 57670, 106381),
(4062, 'IZEA-281', 3, '2022-12-05 21:36:01', 3, '2022-12-06 01:22:01', 8, 33300, 188096),
(4063, 'CZR-83', 3, '2022-12-15 06:40:18', 2, '2022-12-15 11:10:18', 7, 67950, 254363),
(4064, 'COMT-337', 5, '2022-12-08 02:01:37', 4, '2022-12-08 06:14:37', 8, 21414, 135306),
(4065, 'PDVW-806', 1, '2022-11-26 18:40:18', 1, '2022-11-26 21:22:18', 7, 50412, 299863),
(4066, 'TBNK-659', 3, '2022-11-27 11:33:26', 1, '2022-11-27 13:24:26', 9, 65354, 272614),
(4067, 'TCAP-805', 2, '2022-11-29 23:35:38', 2, '2022-11-30 02:29:38', 9, 39260, 201360),
(4068, 'AKS-378', 1, '2022-12-30 07:32:25', 3, '2022-12-30 10:49:25', 9, 74051, 153946),
(4069, 'GABC-891', 5, '2022-11-23 14:58:28', 5, '2022-11-23 19:22:28', 10, 66418, 297244),
(4070, 'K-98', 5, '2022-12-16 11:45:47', 1, '2022-12-16 16:28:47', 8, 43462, 290468),
(4071, 'PXD-208', 6, '2022-12-15 17:24:58', 4, '2022-12-15 19:36:58', 8, 65352, 243239),
(4072, 'DCM-872', 6, '2022-12-26 19:23:27', 5, '2022-12-26 22:21:27', 8, 25930, 212741),
(4073, 'AOSL-162', 1, '2022-12-02 11:57:57', 4, '2022-12-02 14:18:57', 9, 22479, 263886),
(4074, 'KFN^-619', 6, '2022-11-20 17:09:42', 3, '2022-11-20 19:35:42', 9, 28390, 295104),
(4075, 'CCRN-791', 5, '2022-12-16 08:29:37', 4, '2022-12-16 10:39:37', 10, 44066, 128429),
(4076, 'NATH-982', 3, '2022-12-02 01:04:24', 3, '2022-12-02 02:52:24', 7, 71131, 136273),
(4077, 'EROS-906', 5, '2022-11-24 16:32:25', 5, '2022-11-24 19:17:25', 9, 58375, 115742),
(4078, 'PSB^W-507', 4, '2022-12-12 03:13:34', 5, '2022-12-12 05:03:34', 8, 58705, 100021),
(4079, 'BWA-527', 1, '2022-12-06 13:24:57', 2, '2022-12-06 17:54:57', 6, 67890, 194960),
(4080, 'MYL-335', 4, '2022-12-18 17:37:46', 5, '2022-12-18 19:23:46', 9, 20014, 192266),
(4081, 'BPFH-330', 6, '2022-11-29 19:36:47', 5, '2022-11-29 22:40:47', 9, 50827, 248798),
(4082, 'CAG-750', 3, '2022-11-22 07:30:46', 3, '2022-11-22 10:14:46', 9, 21214, 236658),
(4083, 'CRK-271', 1, '2022-11-26 00:29:38', 2, '2022-11-26 02:46:38', 7, 70429, 289197),
(4084, 'QQQ-950', 5, '2022-12-11 02:30:46', 5, '2022-12-11 06:28:46', 8, 59662, 195081),
(4085, 'TMUSP-525', 4, '2022-12-10 06:37:36', 3, '2022-12-10 09:54:36', 9, 38577, 133442),
(4086, 'CARO-428', 2, '2022-12-20 13:15:43', 2, '2022-12-20 18:01:43', 10, 52999, 137454),
(4087, 'AAN-204', 6, '2022-12-18 17:50:05', 5, '2022-12-18 22:01:05', 7, 32912, 142617),
(4088, 'HOTR-710', 5, '2022-12-18 23:21:28', 2, '2022-12-19 02:12:28', 6, 58512, 247711),
(4089, 'WYIGW-392', 6, '2022-11-26 01:29:50', 3, '2022-11-26 06:14:50', 7, 65867, 196211),
(4090, 'TROX-976', 3, '2022-12-17 09:49:40', 5, '2022-12-17 11:51:40', 8, 59065, 196938),
(4091, 'CNOB-763', 2, '2022-12-01 05:38:16', 3, '2022-12-01 08:40:16', 9, 27181, 283312),
(4092, 'SO-530', 2, '2022-12-12 11:35:28', 2, '2022-12-12 14:19:28', 7, 24847, 182465),
(4093, 'DTK-534', 2, '2022-12-05 02:23:25', 2, '2022-12-05 05:41:25', 10, 78069, 223070),
(4094, 'IVAC-208', 4, '2022-12-25 01:05:12', 4, '2022-12-25 02:46:12', 8, 23598, 141476),
(4095, 'CIO-126', 5, '2022-12-10 04:07:15', 4, '2022-12-10 05:51:15', 6, 24263, 269347),
(4096, 'KFN^-931', 1, '2022-12-05 18:48:08', 2, '2022-12-05 22:12:08', 8, 57651, 208114),
(4097, 'ARDC-170', 5, '2022-12-19 21:39:18', 1, '2022-12-20 02:29:18', 9, 73993, 199717),
(4098, 'STE-752', 3, '2022-12-05 23:03:03', 4, '2022-12-06 01:54:03', 10, 74607, 287704),
(4099, 'AEGN-64', 4, '2022-11-24 02:18:37', 4, '2022-11-24 06:12:37', 8, 64759, 202813),
(4100, 'ZIOP-903', 1, '2022-12-01 21:31:16', 4, '2022-12-02 00:53:16', 8, 43914, 134208),
(4101, 'TDE-175', 2, '2022-11-18 21:13:41', 3, '2022-11-18 23:38:41', 6, 68134, 155652),
(4102, 'FOF-584', 6, '2022-12-26 12:57:45', 5, '2022-12-26 17:44:45', 10, 56315, 270349),
(4103, 'MER^K-168', 2, '2022-12-22 15:12:26', 5, '2022-12-22 17:14:26', 9, 23486, 112402),
(4104, 'FNLC-996', 3, '2022-12-23 22:23:11', 2, '2022-12-24 03:00:11', 6, 55819, 117146),
(4105, 'UBNT-402', 1, '2022-12-27 08:54:24', 3, '2022-12-27 13:10:24', 8, 58460, 225433),
(4106, 'TEX-953', 6, '2022-12-21 03:58:26', 4, '2022-12-21 08:47:26', 8, 25540, 216922),
(4107, 'MCRB-566', 6, '2022-12-07 04:02:10', 4, '2022-12-07 08:28:10', 6, 35080, 190854),
(4108, 'TOWR-668', 2, '2022-12-05 02:55:41', 4, '2022-12-05 07:44:41', 9, 77934, 148552),
(4109, 'ROCK-663', 4, '2022-11-28 01:27:03', 2, '2022-11-28 04:17:03', 7, 22823, 154920),
(4110, 'SBFGP-608', 3, '2022-12-23 03:24:00', 3, '2022-12-23 07:56:00', 9, 30063, 130458),
(4111, 'MOTAW-778', 1, '2022-12-12 08:04:15', 3, '2022-12-12 12:34:15', 9, 57099, 229880),
(4112, 'TSLA-84', 2, '2022-12-13 21:43:48', 5, '2022-12-14 02:15:48', 10, 55548, 249702),
(4113, 'VIPS-793', 2, '2022-11-30 04:55:51', 3, '2022-11-30 09:34:51', 10, 33446, 105976),
(4114, 'ANAB-774', 2, '2022-12-21 03:46:06', 3, '2022-12-21 07:41:06', 6, 23539, 261991),
(4115, 'CI-486', 5, '2022-11-19 06:33:35', 4, '2022-11-19 10:06:35', 6, 66382, 247594),
(4116, 'CRVL-976', 5, '2022-11-21 01:37:47', 1, '2022-11-21 05:33:47', 10, 31367, 163499),
(4117, 'AMC-778', 2, '2022-12-30 22:49:17', 4, '2022-12-31 03:22:17', 10, 55145, 231335),
(4118, 'FPH-878', 5, '2022-11-25 05:51:36', 5, '2022-11-25 08:23:36', 9, 75660, 197377),
(4119, 'MYOV-894', 1, '2022-12-10 04:33:33', 4, '2022-12-10 08:29:33', 10, 39550, 231716),
(4120, 'HYT-981', 2, '2022-12-14 22:30:01', 1, '2022-12-15 01:34:01', 6, 22453, 296376),
(4121, 'CYRN-813', 4, '2022-12-12 16:05:50', 2, '2022-12-12 18:33:50', 9, 38333, 294824),
(4122, 'OFG^D-371', 2, '2022-12-01 22:04:23', 5, '2022-12-02 02:58:23', 7, 68272, 209161),
(4123, 'SPNE-166', 5, '2022-12-12 08:04:53', 4, '2022-12-12 10:38:53', 9, 61449, 195099),
(4124, 'GBLI-968', 4, '2022-12-30 12:11:58', 2, '2022-12-30 14:25:58', 9, 24637, 251410),
(4125, 'SWFT-107', 4, '2022-12-17 23:58:55', 1, '2022-12-18 03:12:55', 9, 35923, 281116),
(4126, 'FSLR-258', 1, '2022-12-15 22:25:37', 1, '2022-12-16 01:35:37', 10, 76463, 203474),
(4127, 'AZUL-805', 1, '2022-12-05 00:41:11', 2, '2022-12-05 03:59:11', 9, 29326, 124820),
(4128, 'PJT-408', 3, '2022-12-29 10:32:42', 5, '2022-12-29 15:23:42', 8, 32857, 145464),
(4129, 'XIV-516', 4, '2022-12-21 05:54:55', 1, '2022-12-21 10:14:55', 6, 43506, 266794),
(4130, 'HBHC-511', 5, '2022-12-14 18:56:57', 1, '2022-12-14 21:36:57', 10, 56621, 156999),
(4131, 'NVO-156', 4, '2022-11-23 07:18:37', 2, '2022-11-23 09:41:37', 9, 79722, 216847),
(4132, 'MATX-12', 1, '2022-12-03 19:23:47', 4, '2022-12-03 21:35:47', 9, 59908, 141528),
(4133, 'CDR^B-718', 5, '2022-12-23 02:56:02', 5, '2022-12-23 06:16:02', 10, 75530, 230193),
(4134, 'SEAC-366', 1, '2022-12-06 03:27:09', 4, '2022-12-06 05:13:09', 7, 30712, 266028),
(4135, 'PZE-932', 2, '2022-11-21 03:42:40', 3, '2022-11-21 07:38:40', 9, 33043, 150562),
(4136, 'UMH^A-14', 4, '2022-11-27 16:47:24', 5, '2022-11-27 19:52:24', 7, 44178, 218623),
(4137, 'FH-192', 6, '2022-12-09 04:14:11', 1, '2022-12-09 08:05:11', 6, 22358, 132800),
(4138, 'SAEX-402', 6, '2022-12-05 09:58:19', 5, '2022-12-05 12:11:19', 9, 29771, 153959),
(4139, 'PSA-378', 2, '2022-12-26 12:37:53', 5, '2022-12-26 17:05:53', 7, 63467, 109831),
(4140, 'CTRL-669', 4, '2022-12-22 19:49:44', 5, '2022-12-22 22:38:44', 7, 38693, 285243),
(4141, 'BDC-736', 6, '2022-11-25 05:47:33', 4, '2022-11-25 08:32:33', 6, 41701, 238773),
(4142, 'BQH-429', 4, '2022-11-26 04:58:08', 4, '2022-11-26 09:57:08', 10, 66185, 209647),
(4143, 'DRIO-439', 5, '2022-12-07 22:10:14', 1, '2022-12-08 01:17:14', 6, 68678, 184172),
(4144, 'ASRV-388', 4, '2022-11-25 16:03:33', 2, '2022-11-25 19:47:33', 9, 64253, 172797),
(4145, 'CECE-129', 1, '2022-12-03 01:45:38', 1, '2022-12-03 05:18:38', 9, 79130, 262825),
(4146, 'NPV-436', 4, '2022-12-19 16:20:04', 1, '2022-12-19 19:05:04', 9, 41990, 279888),
(4147, 'RFAP-247', 6, '2022-11-26 18:11:24', 1, '2022-11-26 21:04:24', 7, 36233, 249708),
(4148, 'OLLI-155', 3, '2022-12-24 13:53:41', 3, '2022-12-24 18:10:41', 8, 31061, 157691),
(4149, 'CDNA-123', 1, '2022-12-07 07:13:19', 4, '2022-12-07 11:05:19', 8, 45879, 104288),
(4150, 'GLPI-859', 4, '2022-12-05 16:00:05', 4, '2022-12-05 20:58:05', 10, 32138, 271343),
(4151, 'RCMT-962', 1, '2022-12-22 20:25:52', 4, '2022-12-22 22:33:52', 9, 79178, 102651),
(4152, 'CBL^E-924', 4, '2022-11-27 17:02:40', 4, '2022-11-27 21:12:40', 9, 69141, 288616),
(4153, 'LXRX-381', 2, '2022-11-23 10:42:03', 3, '2022-11-23 14:42:03', 7, 45840, 160631),
(4154, 'DDBI-920', 4, '2022-11-27 13:16:28', 5, '2022-11-27 15:23:28', 10, 42193, 182332),
(4155, 'GTXI-482', 6, '2022-12-23 22:18:35', 2, '2022-12-24 03:01:35', 6, 38745, 134959),
(4156, 'PBCT-660', 1, '2022-12-09 11:06:34', 3, '2022-12-09 13:23:34', 10, 45230, 149696),
(4157, 'GNMA-984', 6, '2022-11-24 05:30:12', 5, '2022-11-24 09:21:12', 8, 76642, 125200),
(4158, 'COTV-160', 2, '2022-12-24 11:05:05', 5, '2022-12-24 14:42:05', 6, 28932, 168615),
(4159, 'LE-182', 4, '2022-11-26 03:55:35', 1, '2022-11-26 06:47:35', 8, 32980, 232754),
(4160, 'NOK-347', 6, '2022-12-24 01:45:42', 1, '2022-12-24 03:49:42', 9, 72355, 158529),
(4161, 'SWZ-564', 5, '2022-12-20 01:26:52', 4, '2022-12-20 03:28:52', 9, 75487, 294578),
(4162, 'KTOVW-406', 5, '2022-11-29 15:09:00', 4, '2022-11-29 17:50:00', 9, 45103, 263195),
(4163, 'APO-902', 2, '2022-11-27 19:32:05', 3, '2022-11-27 22:30:05', 6, 28360, 159060),
(4164, 'DQ-392', 3, '2022-12-13 08:21:58', 3, '2022-12-13 10:31:58', 9, 72021, 121099),
(4165, 'PCN-804', 5, '2022-12-26 13:44:03', 1, '2022-12-26 16:10:03', 9, 59273, 259357),
(4166, 'TMHC-73', 2, '2022-12-18 07:52:53', 1, '2022-12-18 11:16:53', 6, 58885, 144651),
(4167, 'ALBO-863', 3, '2022-11-23 16:21:09', 2, '2022-11-23 18:53:09', 7, 52953, 211727),
(4168, 'TESO-607', 2, '2022-11-21 12:00:57', 1, '2022-11-21 13:50:57', 9, 38742, 180481),
(4169, 'AUDC-910', 2, '2022-12-03 12:14:13', 4, '2022-12-03 16:18:13', 6, 49779, 217194),
(4170, 'REV-461', 6, '2022-12-22 07:53:50', 1, '2022-12-22 09:46:50', 8, 37219, 285969),
(4171, 'KAACW-59', 1, '2022-12-06 21:38:44', 3, '2022-12-06 23:47:44', 6, 75460, 217393),
(4172, 'VST-50', 4, '2022-12-03 22:46:53', 2, '2022-12-04 02:29:53', 10, 59902, 158549),
(4173, 'STI.WS.A-7', 1, '2022-11-19 13:43:57', 1, '2022-11-19 17:54:57', 7, 24991, 278218),
(4174, 'GLOB-228', 2, '2022-11-29 17:21:02', 4, '2022-11-29 22:05:02', 6, 58562, 243786),
(4175, 'GCP-319', 6, '2022-12-18 11:26:24', 3, '2022-12-18 14:02:24', 7, 33444, 229616),
(4176, 'IROQ-617', 3, '2022-11-23 21:28:57', 5, '2022-11-24 02:05:57', 8, 77390, 146143),
(4177, 'LMNR-330', 4, '2022-11-29 20:29:50', 5, '2022-11-29 22:48:50', 10, 36982, 172117),
(4178, 'AEO-310', 4, '2022-12-25 02:55:23', 5, '2022-12-25 05:18:23', 6, 55583, 140973),
(4179, 'SINO-904', 4, '2022-11-19 17:22:32', 5, '2022-11-19 22:11:32', 8, 25598, 291673),
(4180, 'CYTXW-408', 6, '2022-11-29 17:00:15', 4, '2022-11-29 20:14:15', 7, 79127, 148289),
(4181, 'REG^G-326', 3, '2022-11-20 12:14:13', 5, '2022-11-20 14:07:13', 9, 59649, 134895),
(4182, 'ECT-546', 5, '2022-12-09 06:21:22', 1, '2022-12-09 08:46:22', 10, 36007, 201068),
(4183, 'LITE-453', 1, '2022-12-28 07:35:52', 5, '2022-12-28 10:04:52', 7, 31719, 274611),
(4184, 'XLRN-674', 1, '2022-11-18 11:20:35', 4, '2022-11-18 16:09:35', 7, 61827, 162124),
(4185, 'MTP-839', 5, '2022-12-18 06:26:32', 2, '2022-12-18 10:32:32', 10, 55469, 159150),
(4186, 'INDY-792', 2, '2022-12-26 21:25:54', 5, '2022-12-27 00:55:54', 7, 60077, 257941),
(4187, 'SCKT-453', 3, '2022-12-23 06:20:47', 3, '2022-12-23 08:40:47', 9, 45644, 261449),
(4188, 'EOG-218', 3, '2022-12-28 10:02:55', 5, '2022-12-28 13:07:55', 6, 58351, 283399),
(4189, 'COE-80', 1, '2022-12-27 20:37:57', 2, '2022-12-27 22:54:57', 10, 59627, 271797),
(4190, 'DDE-691', 5, '2022-12-20 04:07:04', 5, '2022-12-20 08:05:04', 7, 78677, 161199),
(4191, 'LKFN-823', 2, '2022-12-21 16:41:24', 4, '2022-12-21 21:23:24', 7, 22917, 164248),
(4192, 'MFA-166', 1, '2022-12-25 15:03:27', 4, '2022-12-25 17:03:27', 8, 37685, 136993),
(4193, 'NWS-374', 4, '2022-11-27 05:52:47', 5, '2022-11-27 09:49:47', 6, 42800, 190673),
(4194, 'CCO-111', 4, '2022-12-24 01:19:18', 5, '2022-12-24 04:46:18', 7, 57753, 222245),
(4195, 'MRLN-820', 2, '2022-12-03 01:21:11', 1, '2022-12-03 03:01:11', 7, 50314, 189236),
(4196, 'BRT-774', 6, '2022-12-14 15:37:40', 1, '2022-12-14 19:06:40', 10, 46410, 118383),
(4197, 'SKYY-704', 5, '2022-11-26 00:41:06', 1, '2022-11-26 03:18:06', 7, 30443, 128214),
(4198, 'NDP-485', 3, '2022-11-28 23:41:13', 3, '2022-11-29 04:07:13', 10, 67442, 189784),
(4199, 'ALL^C-153', 4, '2022-11-22 20:56:41', 3, '2022-11-23 01:41:41', 9, 20526, 262215),
(4200, 'LSCC-87', 2, '2022-11-22 09:53:10', 4, '2022-11-22 12:13:10', 10, 25416, 256226),
(4201, 'AGO^E-522', 2, '2022-12-29 12:36:26', 3, '2022-12-29 14:57:26', 10, 64225, 177630),
(4202, 'DTJ-423', 4, '2022-12-08 01:31:32', 3, '2022-12-08 03:20:32', 9, 45541, 110336),
(4203, 'GPIAU-375', 5, '2022-11-18 08:55:03', 3, '2022-11-18 10:50:03', 8, 47731, 256044),
(4204, 'STLRW-843', 1, '2022-12-29 13:07:35', 3, '2022-12-29 15:48:35', 9, 29443, 139550),
(4205, 'MBUU-139', 3, '2022-12-01 11:26:44', 2, '2022-12-01 13:10:44', 7, 52848, 185810),
(4206, 'AG-318', 2, '2022-12-18 06:59:04', 3, '2022-12-18 10:25:04', 8, 66441, 298962),
(4207, 'CTSH-616', 2, '2022-11-22 00:28:28', 3, '2022-11-22 04:49:28', 9, 32190, 170775),
(4208, 'NHI-336', 4, '2022-12-08 01:07:40', 4, '2022-12-08 03:20:40', 6, 32413, 248348),
(4209, 'DRUA-859', 2, '2022-11-26 16:47:47', 2, '2022-11-26 20:03:47', 10, 38882, 200909),
(4210, 'FFBC-820', 5, '2022-11-29 04:42:29', 3, '2022-11-29 07:31:29', 6, 25056, 293698),
(4211, 'PEIX-998', 2, '2022-12-11 09:37:52', 3, '2022-12-11 11:24:52', 9, 55153, 100528),
(4212, 'ARI^A-544', 3, '2022-11-20 05:19:00', 1, '2022-11-20 07:55:00', 8, 49871, 268279),
(4213, 'TEO-65', 5, '2022-12-11 22:09:32', 1, '2022-12-12 03:05:32', 7, 42242, 210721),
(4214, 'JRVR-398', 6, '2022-12-15 03:46:16', 4, '2022-12-15 08:18:16', 8, 24735, 242092),
(4215, 'COWNL-335', 1, '2022-11-19 23:25:59', 4, '2022-11-20 04:18:59', 6, 53793, 245825),
(4216, 'BML^H-270', 4, '2022-12-22 01:41:39', 1, '2022-12-22 03:43:39', 8, 56728, 179020),
(4217, 'FDIV-83', 4, '2022-12-06 14:12:43', 4, '2022-12-06 16:41:43', 7, 50962, 172307),
(4218, 'PBBI-510', 1, '2022-12-21 05:54:56', 2, '2022-12-21 10:54:56', 9, 38911, 195445),
(4219, 'DSM-260', 5, '2022-11-29 05:21:04', 2, '2022-11-29 07:02:04', 6, 42351, 179247),
(4220, 'EBIO-984', 1, '2022-12-11 16:25:48', 2, '2022-12-11 20:05:48', 7, 28005, 236645),
(4221, 'MNKD-444', 1, '2022-12-20 15:56:09', 2, '2022-12-20 18:12:09', 6, 52336, 234663),
(4222, 'ARTNA-315', 2, '2022-12-20 18:28:43', 1, '2022-12-20 20:33:43', 6, 20959, 249352),
(4223, 'PTY-192', 3, '2022-12-05 02:09:42', 4, '2022-12-05 05:37:42', 6, 63193, 157823),
(4224, 'CUZ-499', 6, '2022-11-27 15:10:24', 5, '2022-11-27 18:57:24', 9, 68463, 111738),
(4225, 'STAA-196', 4, '2022-11-20 21:21:25', 3, '2022-11-21 02:15:25', 8, 66262, 281566),
(4226, 'INVA-998', 4, '2022-12-14 05:30:25', 2, '2022-12-14 07:48:25', 9, 41030, 185325),
(4227, 'SQM-31', 1, '2022-12-16 20:56:37', 1, '2022-12-17 01:42:37', 8, 26125, 109526),
(4228, 'JHB-258', 5, '2022-12-12 12:46:55', 3, '2022-12-12 14:33:55', 7, 76065, 134241),
(4229, 'BBT^F-410', 4, '2022-12-16 14:58:03', 5, '2022-12-16 17:57:03', 10, 41284, 175959),
(4230, 'RMAX-132', 3, '2022-12-22 06:26:24', 5, '2022-12-22 09:15:24', 8, 73832, 288566),
(4231, 'AGII-473', 4, '2022-12-26 21:31:32', 1, '2022-12-27 00:26:32', 10, 41931, 246001),
(4232, 'BAC^W-775', 3, '2022-12-30 14:12:04', 1, '2022-12-30 19:02:04', 9, 75228, 106756),
(4233, 'TWMC-262', 3, '2022-12-27 10:50:15', 2, '2022-12-27 13:34:15', 9, 46842, 296710),
(4234, 'NRIM-974', 1, '2022-12-29 19:39:37', 4, '2022-12-29 23:01:37', 6, 77471, 113724),
(4235, 'WPG-476', 6, '2022-12-27 15:58:08', 3, '2022-12-27 18:40:08', 6, 70104, 255016),
(4236, 'CYS^A-726', 5, '2022-12-30 09:21:06', 5, '2022-12-30 12:04:06', 9, 45554, 282477),
(4237, 'ITGR-749', 5, '2022-11-21 02:33:34', 1, '2022-11-21 06:29:34', 6, 68993, 220047),
(4238, 'HMY-976', 4, '2022-11-20 19:56:22', 2, '2022-11-21 00:27:22', 10, 39894, 243024),
(4239, 'OB-627', 2, '2022-11-19 22:28:15', 4, '2022-11-20 01:30:15', 9, 73498, 110424),
(4240, 'DVMT-433', 4, '2022-12-08 11:28:07', 3, '2022-12-08 14:48:07', 7, 43769, 272206),
(4241, 'CPST-691', 1, '2022-12-16 15:35:14', 2, '2022-12-16 18:32:14', 10, 36396, 111710),
(4242, 'BT-118', 5, '2022-12-02 08:04:22', 5, '2022-12-02 11:38:22', 9, 36529, 130184),
(4243, 'BXS-279', 5, '2022-12-25 20:11:30', 4, '2022-12-26 00:08:30', 10, 67470, 204598),
(4244, 'PYN-967', 5, '2022-12-17 08:22:36', 1, '2022-12-17 10:41:36', 9, 59908, 297808),
(4245, 'MRVL-637', 5, '2022-12-16 23:18:05', 2, '2022-12-17 01:50:05', 6, 48609, 206574),
(4246, 'CTRL-706', 4, '2022-12-25 17:57:04', 1, '2022-12-25 22:52:04', 10, 23298, 162339),
(4247, 'SRUNW-154', 5, '2022-12-19 03:37:08', 4, '2022-12-19 08:00:08', 8, 76719, 216709),
(4248, 'VWOB-814', 2, '2022-12-25 04:21:17', 4, '2022-12-25 06:45:17', 6, 23050, 230903),
(4249, 'EMIF-897', 4, '2022-11-26 20:38:27', 5, '2022-11-27 01:12:27', 7, 42884, 187180),
(4250, 'HCI-462', 4, '2022-12-30 04:50:30', 1, '2022-12-30 07:39:30', 8, 78613, 133049),
(4251, 'VMW-772', 2, '2022-12-03 21:05:25', 5, '2022-12-04 01:02:25', 10, 64502, 264937),
(4252, 'HIW-613', 5, '2022-12-03 04:47:48', 5, '2022-12-03 07:31:48', 6, 27124, 229610),
(4253, 'PRAA-145', 5, '2022-12-06 05:10:12', 2, '2022-12-06 09:05:12', 6, 79641, 292179),
(4254, 'BMLP-238', 4, '2022-11-25 08:30:20', 4, '2022-11-25 11:36:20', 7, 77886, 235565),
(4255, 'LINDW-404', 2, '2022-12-20 01:09:45', 3, '2022-12-20 04:38:45', 7, 34979, 156230),
(4256, 'JILL-60', 6, '2022-12-09 14:34:02', 2, '2022-12-09 16:50:02', 9, 21775, 292133),
(4257, 'MTFBW-18', 3, '2022-12-02 11:58:02', 2, '2022-12-02 14:27:02', 9, 46286, 128982),
(4258, 'CABO-407', 1, '2022-11-19 13:01:14', 1, '2022-11-19 16:38:14', 8, 65595, 164147),
(4259, 'ICCH-259', 2, '2022-12-21 04:22:25', 2, '2022-12-21 07:40:25', 9, 62914, 194140),
(4260, 'PSA^X-446', 6, '2022-11-23 03:09:12', 3, '2022-11-23 05:37:12', 8, 67415, 224520),
(4261, 'TESO-60', 5, '2022-12-16 20:43:20', 4, '2022-12-16 23:44:20', 6, 75679, 113394),
(4262, 'DK-844', 5, '2022-12-08 00:45:36', 2, '2022-12-08 05:22:36', 8, 57949, 266634),
(4263, 'ARGS-475', 2, '2022-12-20 08:30:55', 1, '2022-12-20 12:46:55', 7, 27267, 147135),
(4264, 'XBIO-456', 6, '2022-11-19 00:37:52', 1, '2022-11-19 02:52:52', 6, 22823, 266754),
(4265, 'BANFP-425', 2, '2022-11-29 00:36:08', 1, '2022-11-29 03:27:08', 10, 56900, 123910),
(4266, 'INFO-529', 5, '2022-12-27 13:13:33', 3, '2022-12-27 17:18:33', 10, 42905, 101225),
(4267, 'CST-566', 3, '2022-12-12 21:37:52', 2, '2022-12-12 23:57:52', 8, 52153, 247635),
(4268, 'HBANO-94', 5, '2022-12-21 15:05:45', 3, '2022-12-21 17:22:45', 7, 30737, 199258),
(4269, 'GEN       ', 4, '2022-11-30 11:03:43', 4, '2022-11-30 14:54:43', 6, 73486, 219999),
(4270, 'SCE^K-984', 2, '2022-11-29 19:52:43', 1, '2022-11-29 22:57:43', 8, 54477, 182862),
(4271, 'PK-340', 2, '2022-12-02 21:49:38', 4, '2022-12-03 02:08:38', 10, 66110, 113475),
(4272, 'TSS-196', 5, '2022-12-22 13:55:23', 1, '2022-12-22 18:29:23', 6, 24571, 148302),
(4273, 'KMPH-940', 5, '2022-11-19 15:39:54', 4, '2022-11-19 19:17:54', 9, 52154, 167569),
(4274, 'TLK-792', 3, '2022-11-28 10:28:43', 2, '2022-11-28 15:04:43', 6, 55419, 140948),
(4275, 'ULTI-79', 4, '2022-11-19 18:31:19', 5, '2022-11-19 20:22:19', 6, 38380, 125912),
(4276, 'OMAB-10', 4, '2022-11-29 09:50:53', 3, '2022-11-29 13:21:53', 6, 32313, 196979),
(4277, 'ERA-170', 6, '2022-12-22 14:48:18', 4, '2022-12-22 17:56:18', 7, 63186, 156497),
(4278, 'FHN-377', 3, '2022-12-12 15:49:34', 5, '2022-12-12 17:58:34', 10, 29900, 190191),
(4279, 'COLL-370', 5, '2022-11-22 05:48:09', 5, '2022-11-22 07:55:09', 9, 56637, 268268),
(4280, 'WRI-945', 1, '2022-12-26 11:03:39', 5, '2022-12-26 13:05:39', 10, 43647, 183425),
(4281, 'GPRE-975', 5, '2022-12-03 23:27:06', 3, '2022-12-04 01:58:06', 10, 52096, 148936),
(4282, 'ISM-265', 4, '2022-12-03 03:50:03', 4, '2022-12-03 06:01:03', 7, 35700, 171655),
(4283, 'ABR^B-131', 2, '2022-11-18 19:38:13', 3, '2022-11-18 23:00:13', 8, 33375, 248516),
(4284, 'XKE-33', 6, '2022-11-23 21:07:28', 5, '2022-11-24 00:08:28', 8, 62073, 138124),
(4285, 'EWBC-573', 6, '2022-12-28 09:49:39', 1, '2022-12-28 14:13:39', 10, 20277, 251325),
(4286, 'EPR^C-636', 3, '2022-11-30 09:19:43', 3, '2022-11-30 11:56:43', 8, 72668, 247662),
(4287, 'TST-813', 3, '2022-12-12 22:34:52', 3, '2022-12-13 01:51:52', 6, 62444, 219397),
(4288, 'ARNC^B-802', 1, '2022-12-19 23:50:40', 5, '2022-12-20 04:40:40', 8, 67181, 268320),
(4289, 'HBANO-734', 2, '2022-12-05 13:47:27', 3, '2022-12-05 18:20:27', 10, 63059, 248546),
(4290, 'JUNO-139', 2, '2022-12-25 03:29:28', 2, '2022-12-25 07:42:28', 10, 45119, 175612),
(4291, 'AAXN-625', 5, '2022-12-28 16:39:18', 1, '2022-12-28 18:20:18', 8, 31235, 134697),
(4292, 'DSWL-891', 2, '2022-11-30 08:40:11', 1, '2022-11-30 10:39:11', 7, 30827, 174298),
(4293, 'SRTS-146', 6, '2022-11-20 18:23:17', 3, '2022-11-20 20:03:17', 9, 79268, 236765),
(4294, 'MED-394', 1, '2022-11-22 02:43:40', 2, '2022-11-22 06:27:40', 8, 32682, 114368),
(4295, 'ETRM-789', 2, '2022-11-22 09:02:23', 4, '2022-11-22 10:57:23', 6, 75203, 129207),
(4296, 'OLED-75', 4, '2022-12-03 17:36:58', 4, '2022-12-03 20:01:58', 7, 47165, 208056),
(4297, 'DWSN-31', 4, '2022-12-25 04:14:52', 1, '2022-12-25 08:46:52', 10, 28116, 289492),
(4298, 'CHMA-639', 6, '2022-12-08 10:34:28', 1, '2022-12-08 14:04:28', 10, 32251, 128816),
(4299, 'HDP-19', 5, '2022-12-21 20:00:09', 5, '2022-12-21 22:49:09', 10, 54815, 294991),
(4300, 'IPHS-817', 5, '2022-11-23 22:15:53', 4, '2022-11-24 02:24:53', 10, 61948, 233445),
(4301, 'LRN-259', 4, '2022-11-23 20:25:53', 2, '2022-11-24 00:29:53', 9, 33798, 252917),
(4302, 'SWNC-128', 1, '2022-11-25 08:42:12', 1, '2022-11-25 10:46:12', 7, 49918, 260438),
(4303, 'HQY-675', 4, '2022-11-26 18:47:41', 5, '2022-11-26 21:12:41', 7, 56781, 268360),
(4304, 'BCC-881', 3, '2022-12-10 04:21:08', 4, '2022-12-10 07:56:08', 10, 29465, 234459),
(4305, 'BWLD-760', 3, '2022-11-25 10:07:21', 5, '2022-11-25 13:19:21', 7, 55166, 182805),
(4306, 'NOK-995', 4, '2022-12-03 23:48:57', 5, '2022-12-04 04:11:57', 7, 28705, 195608),
(4307, 'EARN-680', 3, '2022-11-28 22:26:32', 3, '2022-11-29 01:58:32', 7, 35148, 222831),
(4308, 'ZPIN-643', 3, '2022-12-15 04:18:25', 2, '2022-12-15 08:32:25', 8, 71333, 145396),
(4309, 'RAVN-15', 6, '2022-12-23 02:58:04', 4, '2022-12-23 04:46:04', 10, 75241, 287661),
(4310, 'LII-314', 1, '2022-12-22 14:09:42', 5, '2022-12-22 15:52:42', 10, 33841, 257050),
(4311, 'LGCYO-956', 4, '2022-12-07 04:50:22', 3, '2022-12-07 08:43:22', 6, 42506, 242266),
(4312, 'SWNC-122', 3, '2022-12-05 10:01:27', 1, '2022-12-05 14:15:27', 6, 75861, 132953),
(4313, 'HK-722', 1, '2022-12-17 21:05:28', 1, '2022-12-18 01:05:28', 8, 38619, 149566),
(4314, 'INGN-172', 5, '2022-12-14 13:15:08', 1, '2022-12-14 15:29:08', 7, 42742, 271059),
(4315, 'XENT-402', 6, '2022-12-04 11:45:53', 3, '2022-12-04 13:25:53', 7, 25606, 194069),
(4316, 'ADVM-259', 1, '2022-12-17 01:16:21', 1, '2022-12-17 05:32:21', 10, 74706, 200338),
(4317, 'CEO-401', 6, '2022-11-18 17:46:15', 3, '2022-11-18 22:39:15', 9, 58199, 142100),
(4318, 'CIG-532', 1, '2022-12-05 03:44:55', 1, '2022-12-05 07:57:55', 9, 61015, 279893),
(4319, 'HMNY-721', 4, '2022-12-15 00:51:21', 3, '2022-12-15 02:58:21', 9, 45547, 191600),
(4320, 'EQT-356', 6, '2022-12-08 09:46:01', 4, '2022-12-08 12:16:01', 9, 39754, 159382),
(4321, 'ABAX-669', 5, '2022-12-05 06:07:45', 5, '2022-12-05 08:44:45', 9, 27780, 118862),
(4322, 'DKT-925', 3, '2022-11-30 22:37:49', 2, '2022-12-01 03:28:49', 10, 41621, 255190),
(4323, 'SHIP-731', 2, '2022-12-29 06:34:58', 4, '2022-12-29 09:54:58', 8, 26716, 230902),
(4324, 'MFIN-489', 2, '2022-12-21 02:14:12', 2, '2022-12-21 04:41:12', 7, 27551, 271112),
(4325, 'ARWR-964', 5, '2022-12-03 18:28:33', 4, '2022-12-03 23:06:33', 9, 62377, 133913),
(4326, 'EGF-288', 4, '2022-12-25 21:32:55', 1, '2022-12-25 23:57:55', 10, 34068, 266042),
(4327, 'ULH-494', 2, '2022-12-09 02:56:46', 1, '2022-12-09 05:10:46', 10, 57679, 167541),
(4328, 'VLRX-659', 5, '2022-11-19 16:33:40', 1, '2022-11-19 21:05:40', 9, 57449, 163366),
(4329, 'WRB-907', 4, '2022-12-11 11:35:29', 5, '2022-12-11 15:02:29', 7, 48184, 173570);
INSERT INTO `flights` (`id`, `code`, `airline_id`, `departure_time`, `departure_city_id`, `arrival_time`, `arrival_city_id`, `price_economy`, `price_business`) VALUES
(4330, 'PODD-881', 6, '2022-12-10 04:31:24', 4, '2022-12-10 07:58:24', 6, 39020, 229844),
(4331, 'TCO-428', 4, '2022-11-30 10:15:45', 3, '2022-11-30 12:53:45', 9, 63383, 212151),
(4332, 'PGC-699', 5, '2022-11-20 03:33:57', 2, '2022-11-20 06:13:57', 8, 38859, 195233),
(4333, 'CHGG-347', 3, '2022-12-26 15:41:55', 2, '2022-12-26 18:09:55', 6, 30492, 156313),
(4334, 'BNY-486', 2, '2022-11-25 12:31:29', 4, '2022-11-25 17:06:29', 7, 23444, 295228),
(4335, 'RGA-785', 2, '2022-12-14 07:29:25', 2, '2022-12-14 09:43:25', 6, 47626, 131796),
(4336, 'KYE-111', 5, '2022-12-01 07:38:49', 3, '2022-12-01 12:02:49', 7, 54578, 269425),
(4337, 'LSTR-484', 5, '2022-12-22 18:53:01', 1, '2022-12-22 23:48:01', 8, 35524, 237685),
(4338, 'AIMT-320', 5, '2022-11-26 14:46:05', 4, '2022-11-26 17:51:05', 9, 72545, 204281),
(4339, 'BOXC-29', 1, '2022-12-23 12:04:22', 4, '2022-12-23 15:08:22', 7, 43009, 259977),
(4340, 'RHT-161', 2, '2022-12-03 18:57:27', 3, '2022-12-03 21:00:27', 8, 50217, 160607),
(4341, 'MHF-620', 3, '2022-12-20 15:37:05', 4, '2022-12-20 17:25:05', 6, 74919, 155041),
(4342, 'CRIS-759', 2, '2022-12-13 22:42:10', 3, '2022-12-14 02:48:10', 7, 65796, 175646),
(4343, 'FTK-871', 1, '2022-11-24 19:33:47', 4, '2022-11-24 21:42:47', 10, 68725, 237633),
(4344, 'EOS-848', 3, '2022-12-21 11:00:07', 4, '2022-12-21 15:35:07', 10, 77371, 217781),
(4345, 'PMO-85', 3, '2022-11-22 09:57:33', 4, '2022-11-22 12:10:33', 9, 23374, 226210),
(4346, 'EMCB-710', 1, '2022-11-21 06:28:24', 4, '2022-11-21 09:52:24', 8, 47009, 111052),
(4347, 'CBS-558', 3, '2022-12-15 03:32:54', 3, '2022-12-15 06:02:54', 7, 24492, 196952),
(4348, 'AHC-511', 4, '2022-11-23 23:58:30', 5, '2022-11-24 03:14:30', 10, 73027, 222496),
(4349, 'GMED-128', 5, '2022-11-20 18:21:33', 5, '2022-11-20 21:11:33', 8, 76839, 260286),
(4350, 'ATW-241', 6, '2022-11-25 18:09:01', 2, '2022-11-25 21:37:01', 7, 62707, 294399),
(4351, 'NTEST.A-76', 6, '2022-11-22 08:49:25', 5, '2022-11-22 13:22:25', 8, 59639, 189927),
(4352, 'MHF-291', 1, '2022-12-16 20:43:55', 1, '2022-12-16 22:58:55', 9, 44708, 109392),
(4353, 'AHT^A-429', 5, '2022-12-28 15:58:26', 2, '2022-12-28 20:29:26', 9, 73395, 192259),
(4354, 'BFIN-732', 5, '2022-12-03 10:38:05', 5, '2022-12-03 13:01:05', 9, 28070, 143939),
(4355, 'PML-966', 2, '2022-11-19 20:52:02', 4, '2022-11-19 23:42:02', 6, 24008, 259636),
(4356, 'PMTS-749', 3, '2022-11-21 08:31:30', 5, '2022-11-21 12:54:30', 6, 52098, 268571),
(4357, 'ECYT-329', 1, '2022-12-20 21:35:39', 1, '2022-12-21 02:02:39', 6, 39238, 243061),
(4358, 'ADS-375', 3, '2022-11-18 00:30:13', 4, '2022-11-18 02:11:13', 7, 37482, 263966),
(4359, 'AYR-921', 4, '2022-12-10 00:37:28', 2, '2022-12-10 02:21:28', 9, 54766, 222475),
(4360, 'TCRX-153', 5, '2022-12-28 22:15:36', 3, '2022-12-29 00:15:36', 6, 30950, 117745),
(4361, 'NI-543', 2, '2022-11-23 01:22:22', 5, '2022-11-23 03:56:22', 10, 79860, 267399),
(4362, 'GJV-248', 5, '2022-12-11 10:13:28', 4, '2022-12-11 14:13:28', 6, 37441, 183576),
(4363, 'AMT^B-366', 4, '2022-12-18 00:21:07', 5, '2022-12-18 02:39:07', 7, 71339, 291528),
(4364, 'DKS-244', 6, '2022-12-06 09:41:59', 5, '2022-12-06 14:40:59', 9, 25127, 253745),
(4365, 'PEO-526', 3, '2022-12-06 16:53:39', 1, '2022-12-06 21:42:39', 6, 68593, 113945),
(4366, 'VCO-733', 6, '2022-11-27 03:07:29', 5, '2022-11-27 04:51:29', 8, 22767, 138575),
(4367, 'RF-492', 5, '2022-12-10 13:22:42', 4, '2022-12-10 17:26:42', 7, 50915, 183599),
(4368, 'AN-747', 1, '2022-12-13 06:09:25', 5, '2022-12-13 09:32:25', 9, 39536, 246686),
(4369, 'RDUS-319', 3, '2022-12-28 00:43:38', 2, '2022-12-28 05:20:38', 10, 36280, 110287),
(4370, 'NHA-563', 1, '2022-11-30 17:04:38', 2, '2022-11-30 20:14:38', 6, 77787, 284335),
(4371, 'GCP-799', 1, '2022-12-28 15:33:06', 5, '2022-12-28 17:20:06', 6, 56960, 256002),
(4372, 'JAZZ-902', 4, '2022-12-14 17:01:05', 5, '2022-12-14 20:03:05', 6, 31378, 176879),
(4373, 'KMPH-484', 5, '2022-12-09 05:49:56', 1, '2022-12-09 09:48:56', 9, 67126, 180834),
(4374, 'VOXX-312', 1, '2022-12-03 03:09:20', 3, '2022-12-03 05:30:20', 6, 69012, 150083),
(4375, 'MANU-754', 1, '2022-11-26 14:16:53', 4, '2022-11-26 18:24:53', 8, 62030, 156072),
(4376, 'FARM-167', 6, '2022-11-19 01:03:10', 3, '2022-11-19 04:48:10', 8, 74570, 251574),
(4377, 'NUS-774', 5, '2022-11-22 06:42:35', 5, '2022-11-22 09:54:35', 10, 26622, 292421),
(4378, 'SASR-318', 2, '2022-12-17 08:27:46', 4, '2022-12-17 12:32:46', 7, 44142, 109717),
(4379, 'STLRW-830', 1, '2022-12-25 10:29:18', 4, '2022-12-25 12:59:18', 8, 23477, 275466),
(4380, 'CMFN-485', 6, '2022-12-11 11:24:56', 3, '2022-12-11 13:51:56', 8, 29711, 225675),
(4381, 'ALB-493', 1, '2022-12-17 06:09:11', 3, '2022-12-17 10:46:11', 9, 58740, 270305),
(4382, 'MMLP-849', 3, '2022-12-06 04:50:40', 2, '2022-12-06 08:07:40', 9, 27596, 294622),
(4383, 'KNX-489', 3, '2022-12-25 13:58:25', 4, '2022-12-25 17:28:25', 9, 44223, 224897),
(4384, 'KTF-887', 2, '2022-11-27 20:02:59', 2, '2022-11-28 00:14:59', 9, 77240, 267565),
(4385, 'LAKE-298', 4, '2022-12-08 08:51:33', 2, '2022-12-08 13:41:33', 8, 43733, 144079),
(4386, 'ELTK-240', 2, '2022-12-14 12:16:12', 2, '2022-12-14 14:52:12', 9, 74165, 252708),
(4387, 'HURC-980', 1, '2022-12-27 17:33:10', 5, '2022-12-27 21:40:10', 9, 54846, 149954),
(4388, 'VAR-980', 3, '2022-12-11 16:00:41', 5, '2022-12-11 19:15:41', 9, 46273, 295112),
(4389, 'ZBIO-641', 1, '2022-11-23 04:06:06', 1, '2022-11-23 06:02:06', 6, 58065, 275693),
(4390, 'WYN-715', 2, '2022-12-07 07:57:01', 5, '2022-12-07 09:53:01', 9, 60114, 237738),
(4391, 'ARRY-872', 4, '2022-11-21 09:33:48', 4, '2022-11-21 13:04:48', 10, 66385, 280905),
(4392, 'SABR-601', 4, '2022-12-28 03:44:49', 5, '2022-12-28 08:02:49', 6, 50723, 190592),
(4393, 'DFT^C-310', 3, '2022-12-01 05:16:47', 4, '2022-12-01 08:59:47', 6, 29079, 267226),
(4394, 'VALX-605', 1, '2022-12-05 05:21:23', 5, '2022-12-05 07:41:23', 10, 35092, 299702),
(4395, 'AXR-466', 6, '2022-12-01 12:19:00', 4, '2022-12-01 14:26:00', 7, 20903, 146461),
(4396, 'REG^G-968', 2, '2022-12-24 15:08:31', 1, '2022-12-24 18:09:31', 8, 22113, 231315),
(4397, 'JTPY-19', 4, '2022-11-27 05:43:33', 2, '2022-11-27 09:05:33', 6, 61963, 171295),
(4398, 'FOR-651', 5, '2022-12-08 21:12:54', 3, '2022-12-09 00:46:54', 8, 72261, 258033),
(4399, 'PNM-767', 1, '2022-12-13 17:21:29', 3, '2022-12-13 22:16:29', 7, 75297, 114652),
(4400, 'AMBCW-153', 3, '2022-12-26 18:39:27', 2, '2022-12-26 20:28:27', 9, 41512, 165609),
(4401, 'MFM-247', 6, '2022-12-29 00:05:04', 3, '2022-12-29 04:06:04', 8, 61634, 232789),
(4402, 'DXC-103', 2, '2022-12-18 08:18:18', 1, '2022-12-18 10:04:18', 10, 27029, 143579),
(4403, 'PETX-357', 5, '2022-12-05 19:04:20', 4, '2022-12-05 20:52:20', 6, 38334, 237747),
(4404, 'BBT-516', 3, '2022-12-13 01:20:28', 4, '2022-12-13 03:37:28', 9, 74000, 114317),
(4405, 'CTU-931', 4, '2022-12-13 10:05:40', 2, '2022-12-13 14:29:40', 10, 21845, 184420),
(4406, 'SLP-313', 5, '2022-11-23 17:20:18', 4, '2022-11-23 20:10:18', 8, 52844, 283120),
(4407, 'CCOI-463', 5, '2022-11-25 03:43:26', 4, '2022-11-25 07:18:26', 10, 52666, 251519),
(4408, 'RF-149', 4, '2022-12-23 15:46:42', 1, '2022-12-23 20:12:42', 10, 46970, 103560),
(4409, 'EEFT-623', 6, '2022-12-01 03:11:23', 3, '2022-12-01 05:39:23', 9, 46220, 226162),
(4410, 'OCN-473', 6, '2022-11-25 17:01:35', 5, '2022-11-25 19:20:35', 7, 38916, 159150),
(4411, 'NXEOU-534', 1, '2022-11-30 18:56:37', 1, '2022-11-30 21:19:37', 10, 57540, 150118),
(4412, 'CTDD-488', 6, '2022-12-28 06:39:36', 1, '2022-12-28 10:16:36', 10, 48017, 148421),
(4413, 'P-52', 2, '2022-12-23 08:42:01', 5, '2022-12-23 10:24:01', 9, 69857, 230426),
(4414, 'DPZ-547', 3, '2022-11-22 14:34:03', 1, '2022-11-22 19:20:03', 7, 71867, 152288),
(4415, 'EEA-115', 6, '2022-12-19 09:48:48', 3, '2022-12-19 14:08:48', 9, 68452, 203867),
(4416, 'FSV-599', 6, '2022-11-22 16:18:16', 2, '2022-11-22 20:50:16', 10, 22900, 244770),
(4417, 'AIF-187', 4, '2022-12-25 00:46:24', 1, '2022-12-25 05:04:24', 9, 64924, 253786),
(4418, 'FYC-163', 5, '2022-11-26 17:10:12', 4, '2022-11-26 21:28:12', 9, 79429, 153452),
(4419, 'WAC-313', 1, '2022-12-03 13:15:38', 3, '2022-12-03 18:11:38', 8, 56500, 275528),
(4420, 'KWN-43', 6, '2022-12-10 17:46:55', 3, '2022-12-10 21:15:55', 9, 22561, 226185),
(4421, 'V-468', 2, '2022-12-08 11:11:10', 4, '2022-12-08 14:40:10', 10, 74252, 233104),
(4422, 'BREW-98', 2, '2022-12-19 09:04:54', 5, '2022-12-19 11:06:54', 8, 31930, 123061),
(4423, 'AMCN-447', 2, '2022-12-25 12:30:13', 2, '2022-12-25 14:43:13', 7, 39107, 272605),
(4424, 'AEY-581', 3, '2022-12-07 00:00:31', 4, '2022-12-07 04:19:31', 7, 47289, 281051),
(4425, 'FKLYU-374', 3, '2022-12-14 19:49:11', 2, '2022-12-14 22:37:11', 8, 32493, 234294),
(4426, 'MIIIU-82', 1, '2022-12-19 03:48:58', 2, '2022-12-19 07:06:58', 6, 67034, 248032),
(4427, 'GCH-785', 6, '2022-11-20 20:16:34', 2, '2022-11-20 22:32:34', 8, 36050, 254094),
(4428, 'GNE-928', 1, '2022-12-16 18:56:54', 2, '2022-12-16 23:01:54', 8, 23048, 247992),
(4429, 'JPM^F-48', 4, '2022-11-25 07:16:22', 1, '2022-11-25 10:55:22', 6, 65655, 161885),
(4430, 'WEBK-809', 1, '2022-12-20 00:41:18', 3, '2022-12-20 03:41:18', 7, 78532, 270300),
(4431, 'VZA-443', 2, '2022-12-09 05:13:17', 4, '2022-12-09 09:30:17', 10, 37768, 221192),
(4432, 'RNG-582', 6, '2022-11-21 16:04:13', 1, '2022-11-21 18:40:13', 7, 72264, 163519),
(4433, 'MMDMR-576', 3, '2022-12-20 00:07:12', 2, '2022-12-20 04:04:12', 10, 41999, 282220),
(4434, 'CSIQ-480', 5, '2022-12-20 19:22:54', 3, '2022-12-20 22:40:54', 8, 60527, 117807),
(4435, 'SENEB-790', 5, '2022-12-10 03:55:00', 1, '2022-12-10 07:10:00', 7, 61985, 208351),
(4436, 'DKT-168', 6, '2022-12-12 22:28:38', 4, '2022-12-13 02:25:38', 9, 41791, 264513),
(4437, 'JBSS-419', 2, '2022-12-22 14:01:15', 5, '2022-12-22 18:32:15', 7, 64085, 250102),
(4438, 'MIE-47', 2, '2022-12-12 07:31:15', 5, '2022-12-12 10:33:15', 7, 66356, 184419),
(4439, 'PBFX-875', 4, '2022-11-20 23:26:06', 3, '2022-11-21 04:02:06', 8, 63353, 276860),
(4440, 'SPG^J-996', 4, '2022-12-06 09:16:26', 1, '2022-12-06 13:34:26', 8, 66316, 217271),
(4441, 'AXSM-74', 5, '2022-12-30 23:12:15', 5, '2022-12-31 01:57:15', 9, 59677, 293034),
(4442, 'ECOL-390', 6, '2022-11-23 12:42:05', 4, '2022-11-23 17:26:05', 7, 42790, 196178),
(4443, 'MCK-473', 5, '2022-11-27 12:23:39', 2, '2022-11-27 16:12:39', 6, 52469, 107169),
(4444, 'HSEB-647', 4, '2022-12-05 07:52:52', 1, '2022-12-05 11:14:52', 8, 27875, 237484),
(4445, 'GRP.U-571', 4, '2022-12-09 13:51:50', 2, '2022-12-09 16:31:50', 6, 46279, 249607),
(4446, 'DAX-822', 2, '2022-12-30 08:46:46', 5, '2022-12-30 11:46:46', 7, 31836, 292630),
(4447, 'GDOT-445', 1, '2022-12-16 08:29:56', 2, '2022-12-16 11:41:56', 8, 37094, 112468),
(4448, 'SRI-462', 3, '2022-12-05 12:12:09', 1, '2022-12-05 15:36:09', 8, 74937, 280900),
(4449, 'HAS-875', 4, '2022-11-27 02:04:41', 3, '2022-11-27 05:05:41', 7, 27394, 203655),
(4450, 'AVGO-199', 6, '2022-11-27 07:32:51', 1, '2022-11-27 10:06:51', 6, 52641, 288997),
(4451, 'ATHN-996', 1, '2022-12-30 18:45:20', 5, '2022-12-30 22:53:20', 6, 60713, 220830),
(4452, 'CHRS-305', 1, '2022-12-10 23:37:14', 4, '2022-12-11 01:24:14', 8, 63239, 132873),
(4453, 'GFF-162', 6, '2022-12-02 22:23:26', 5, '2022-12-03 02:26:26', 7, 33754, 148465),
(4454, 'DS-977', 5, '2022-12-27 00:56:39', 4, '2022-12-27 04:49:39', 7, 35801, 225317),
(4455, 'KRO-501', 6, '2022-12-21 21:02:21', 1, '2022-12-22 01:22:21', 6, 77951, 225653),
(4456, 'MLM-116', 5, '2022-12-26 14:01:54', 5, '2022-12-26 16:54:54', 10, 71963, 267093),
(4457, 'JWN-874', 1, '2022-12-11 08:02:24', 5, '2022-12-11 12:31:24', 6, 59543, 153563),
(4458, 'CYRN-856', 2, '2022-12-19 07:06:32', 2, '2022-12-19 11:07:32', 8, 69786, 244835),
(4459, 'ACHN-668', 6, '2022-11-22 01:24:16', 5, '2022-11-22 03:17:16', 6, 44804, 286662),
(4460, 'BBU-895', 5, '2022-11-24 11:40:52', 1, '2022-11-24 14:45:52', 8, 75108, 100500),
(4461, 'PRTY-243', 2, '2022-12-24 21:47:02', 4, '2022-12-25 00:30:02', 9, 50070, 109913),
(4462, 'FGL-330', 5, '2022-11-25 14:26:09', 2, '2022-11-25 17:57:09', 7, 54562, 212941),
(4463, 'LITB-241', 5, '2022-12-07 03:49:06', 4, '2022-12-07 06:04:06', 6, 23680, 185279),
(4464, 'ICPT-841', 5, '2022-12-17 09:20:53', 2, '2022-12-17 11:35:53', 10, 31949, 114245),
(4465, 'AES-24', 1, '2022-12-29 13:48:02', 2, '2022-12-29 16:39:02', 9, 69641, 157019),
(4466, 'YRD-503', 5, '2022-12-01 14:28:13', 3, '2022-12-01 16:34:13', 10, 40783, 204160),
(4467, 'NTEST.A-72', 2, '2022-12-08 07:24:33', 5, '2022-12-08 11:27:33', 6, 79180, 204905),
(4468, 'CS-598', 6, '2022-11-25 20:07:22', 5, '2022-11-26 01:05:22', 6, 32859, 101589),
(4469, 'CNC-278', 4, '2022-12-03 02:50:19', 3, '2022-12-03 06:05:19', 7, 73646, 277841),
(4470, 'PSA^V-654', 2, '2022-11-28 05:17:21', 1, '2022-11-28 07:03:21', 9, 34942, 163298),
(4471, 'APD-611', 1, '2022-12-17 10:40:59', 2, '2022-12-17 14:14:59', 7, 37675, 140720),
(4472, 'VBTX-703', 1, '2022-11-20 10:50:34', 4, '2022-11-20 14:31:34', 6, 45007, 175440),
(4473, 'GTYH-560', 4, '2022-12-04 00:20:26', 5, '2022-12-04 03:42:26', 8, 46325, 144129),
(4474, 'PJT-713', 3, '2022-11-25 01:59:02', 1, '2022-11-25 06:00:02', 9, 58808, 128598),
(4475, 'KWR-668', 6, '2022-12-08 20:54:27', 2, '2022-12-09 00:05:27', 8, 26115, 132613),
(4476, 'CUK-667', 2, '2022-12-26 08:39:04', 2, '2022-12-26 12:43:04', 6, 72461, 229851),
(4477, 'HABT-807', 1, '2022-12-10 11:56:27', 1, '2022-12-10 14:14:27', 6, 40776, 165530),
(4478, 'SMG-386', 5, '2022-12-04 02:48:01', 2, '2022-12-04 05:50:01', 6, 39478, 211433),
(4479, 'SWJ-154', 5, '2022-11-22 14:30:15', 3, '2022-11-22 18:46:15', 9, 73889, 295776),
(4480, 'KGC-229', 3, '2022-12-28 19:46:17', 3, '2022-12-29 00:22:17', 9, 37961, 163017),
(4481, 'MRCC-400', 1, '2022-11-20 02:14:44', 1, '2022-11-20 04:11:44', 9, 25529, 234291),
(4482, 'PRPH-445', 3, '2022-12-15 04:12:14', 3, '2022-12-15 07:10:14', 9, 60156, 176901),
(4483, 'PCN-341', 4, '2022-12-06 17:44:59', 5, '2022-12-06 21:58:59', 9, 47752, 107588),
(4484, 'ETV-48', 4, '2022-12-23 13:47:39', 4, '2022-12-23 18:11:39', 9, 20556, 112367),
(4485, 'NVIV-635', 6, '2022-11-27 15:25:45', 3, '2022-11-27 18:21:45', 8, 21828, 168704),
(4486, 'UAL-855', 4, '2022-12-13 05:05:44', 5, '2022-12-13 09:10:44', 8, 37753, 274031),
(4487, 'FFA-612', 1, '2022-12-11 14:14:45', 1, '2022-12-11 16:02:45', 8, 30165, 110960),
(4488, 'FAAR-128', 3, '2022-11-24 12:13:48', 1, '2022-11-24 14:37:48', 8, 22203, 166094),
(4489, 'MAGS-710', 5, '2022-11-22 01:13:36', 2, '2022-11-22 03:19:36', 9, 36471, 113078),
(4490, 'SPA-218', 3, '2022-12-21 11:13:40', 1, '2022-12-21 13:02:40', 7, 58367, 218867),
(4491, 'BIG-246', 5, '2022-12-12 07:58:07', 5, '2022-12-12 12:45:07', 6, 48365, 256215),
(4492, 'BIT-813', 5, '2022-12-27 00:45:42', 2, '2022-12-27 05:12:42', 10, 60733, 275481),
(4493, 'NYNY-247', 2, '2022-11-30 04:54:59', 1, '2022-11-30 09:11:59', 8, 24631, 181858),
(4494, 'CREE-891', 5, '2022-12-07 18:05:26', 4, '2022-12-07 22:31:26', 9, 72719, 263881),
(4495, 'WFC^P-570', 2, '2022-12-27 00:58:44', 5, '2022-12-27 03:21:44', 10, 76558, 189540),
(4496, 'KEG-778', 2, '2022-12-26 22:40:37', 2, '2022-12-27 00:40:37', 10, 66494, 205090),
(4497, 'PESI-868', 1, '2022-12-14 18:30:44', 5, '2022-12-14 23:02:44', 9, 58410, 118092),
(4498, 'DRH-139', 1, '2022-12-02 21:01:30', 4, '2022-12-02 23:35:30', 6, 78451, 225303),
(4499, 'CORE-962', 3, '2022-11-28 15:27:52', 3, '2022-11-28 18:23:52', 6, 75338, 282646),
(4500, 'DLB-735', 4, '2022-12-07 07:24:20', 4, '2022-12-07 10:42:20', 6, 57288, 289483),
(4501, 'APD-580', 2, '2022-12-15 09:52:08', 4, '2022-12-15 13:33:08', 9, 40883, 127164),
(4502, 'BBVA-703', 5, '2022-12-26 20:18:04', 3, '2022-12-27 00:51:04', 8, 64894, 263957),
(4503, 'NXEOW-545', 5, '2022-11-20 19:35:30', 5, '2022-11-20 23:37:30', 10, 55936, 245185),
(4504, 'BBG-978', 2, '2022-12-14 16:04:35', 4, '2022-12-14 19:48:35', 6, 50238, 137487),
(4505, 'INVE-809', 1, '2022-12-22 10:42:00', 3, '2022-12-22 14:54:00', 10, 65559, 114993),
(4506, 'IMGN-193', 5, '2022-12-26 05:00:08', 2, '2022-12-26 06:50:08', 7, 64265, 154580),
(4507, 'MCO-337', 4, '2022-12-29 00:17:04', 5, '2022-12-29 03:12:04', 10, 41589, 259687),
(4508, 'MEIP-55', 6, '2022-11-23 17:34:59', 1, '2022-11-23 22:06:59', 9, 73953, 169686),
(4509, 'OVID-817', 1, '2022-12-20 06:11:26', 4, '2022-12-20 09:22:26', 8, 49463, 258770),
(4510, 'SPE^B-311', 3, '2022-12-19 19:31:44', 5, '2022-12-19 21:32:44', 6, 65665, 221512),
(4511, 'PNQI-620', 2, '2022-12-04 18:17:37', 1, '2022-12-04 22:30:37', 9, 54002, 298885),
(4512, 'IIF-706', 1, '2022-12-07 08:08:25', 1, '2022-12-07 10:17:25', 7, 52108, 133993),
(4513, 'CHK-37', 4, '2022-12-20 23:37:36', 4, '2022-12-21 02:50:36', 7, 55757, 118164),
(4514, 'MVO-712', 3, '2022-12-14 14:35:58', 1, '2022-12-14 17:33:58', 9, 58034, 119744),
(4515, 'MERC-315', 2, '2022-12-05 13:22:11', 2, '2022-12-05 16:54:11', 8, 54167, 171969),
(4516, 'REGN-181', 1, '2022-11-24 02:44:34', 5, '2022-11-24 04:39:34', 10, 33726, 201880),
(4517, 'CXSE-189', 2, '2022-12-11 02:27:06', 4, '2022-12-11 06:11:06', 9, 33258, 232473),
(4518, 'FN-250', 3, '2022-12-23 23:39:34', 3, '2022-12-24 03:00:34', 10, 40561, 175890),
(4519, 'VRS-385', 1, '2022-12-28 06:29:33', 1, '2022-12-28 08:43:33', 6, 66103, 216539),
(4520, 'GGAL-77', 6, '2022-12-12 15:54:36', 3, '2022-12-12 20:52:36', 9, 78704, 114096),
(4521, 'AMAT-710', 4, '2022-12-15 09:31:21', 1, '2022-12-15 14:20:21', 7, 35717, 222705),
(4522, 'SORL-844', 2, '2022-12-14 03:10:50', 5, '2022-12-14 07:17:50', 10, 45452, 163438),
(4523, 'JACK-765', 6, '2022-11-20 00:30:00', 4, '2022-11-20 05:14:00', 6, 51918, 120964),
(4524, 'FCEF-714', 4, '2022-12-14 17:31:02', 2, '2022-12-14 20:40:02', 7, 51698, 227483),
(4525, 'SCHN-795', 1, '2022-12-22 05:17:38', 5, '2022-12-22 09:08:38', 8, 32438, 144970),
(4526, 'TGS-808', 1, '2022-11-26 15:50:21', 3, '2022-11-26 18:06:21', 8, 51559, 268577),
(4527, 'AVNW-39', 6, '2022-12-29 00:04:07', 2, '2022-12-29 02:44:07', 7, 51608, 230223),
(4528, 'CPAAW-89', 5, '2022-12-05 08:00:53', 1, '2022-12-05 10:29:53', 7, 66184, 135023),
(4529, 'ALP^O-273', 2, '2022-11-19 02:40:38', 5, '2022-11-19 04:54:38', 6, 40131, 148042),
(4530, 'CRM-377', 1, '2022-11-18 15:16:53', 2, '2022-11-18 17:54:53', 7, 74246, 181688),
(4531, 'BAC^C-446', 6, '2022-11-30 10:57:58', 2, '2022-11-30 15:24:58', 9, 20919, 187545),
(4532, 'ADUS-818', 2, '2022-12-21 23:32:22', 2, '2022-12-22 01:41:22', 9, 29927, 288067),
(4533, 'ICAD-605', 3, '2022-12-06 01:24:54', 2, '2022-12-06 04:29:54', 9, 57624, 141975),
(4534, 'VRTSP-125', 1, '2022-12-21 09:34:51', 1, '2022-12-21 11:26:51', 9, 64863, 263942),
(4535, 'SBSI-904', 1, '2022-12-03 04:33:59', 1, '2022-12-03 08:48:59', 8, 27881, 221818),
(4536, 'NMIH-36', 2, '2022-11-22 09:56:33', 3, '2022-11-22 12:47:33', 10, 63909, 273247),
(4537, 'BNED-55', 4, '2022-12-05 12:44:34', 1, '2022-12-05 17:01:34', 10, 68675, 119116),
(4538, 'MVC-270', 2, '2022-12-24 20:20:54', 2, '2022-12-25 00:19:54', 10, 55090, 121934),
(4539, 'CFC^B-541', 1, '2022-12-21 01:26:40', 5, '2022-12-21 05:45:40', 9, 30769, 108583),
(4540, 'AFSI^E-564', 5, '2022-12-22 19:54:39', 3, '2022-12-22 21:42:39', 8, 78684, 106348),
(4541, 'MTL^-20', 5, '2022-11-29 08:32:57', 1, '2022-11-29 12:21:57', 9, 35681, 167011),
(4542, 'CUBS-920', 5, '2022-11-27 12:50:50', 5, '2022-11-27 16:54:50', 9, 40390, 272571),
(4543, 'PSA^T-584', 4, '2022-12-30 08:53:34', 5, '2022-12-30 12:01:34', 6, 24498, 248047),
(4544, 'QTNT-587', 5, '2022-12-03 13:14:01', 4, '2022-12-03 17:56:01', 6, 68873, 167842),
(4545, 'FONE-82', 2, '2022-11-27 13:12:18', 3, '2022-11-27 16:59:18', 7, 65375, 293666),
(4546, 'GTN.A-901', 4, '2022-11-29 07:03:26', 3, '2022-11-29 09:35:26', 6, 50099, 273978),
(4547, 'RECN-11', 4, '2022-12-10 14:32:48', 2, '2022-12-10 19:17:48', 6, 55251, 120964),
(4548, 'NSP-426', 3, '2022-12-07 15:18:20', 5, '2022-12-07 19:11:20', 10, 64397, 292143),
(4549, 'LAKE-26', 2, '2022-12-18 13:42:42', 2, '2022-12-18 17:54:42', 7, 65326, 208930),
(4550, 'MTX-630', 6, '2022-11-28 07:04:23', 4, '2022-11-28 11:43:23', 8, 41903, 246714),
(4551, 'PEGI-539', 4, '2022-12-15 10:42:49', 5, '2022-12-15 13:00:49', 9, 36851, 264286),
(4552, 'IBCP-111', 4, '2022-12-20 12:32:38', 4, '2022-12-20 16:50:38', 9, 74202, 139750),
(4553, 'GHC-228', 5, '2022-12-14 15:39:00', 2, '2022-12-14 18:36:00', 8, 64626, 191783),
(4554, 'QCP-297', 6, '2022-12-14 13:33:59', 5, '2022-12-14 18:19:59', 7, 27932, 125646),
(4555, 'LSI-764', 6, '2022-11-24 03:13:08', 3, '2022-11-24 05:36:08', 10, 72322, 266047),
(4556, 'CYS-802', 6, '2022-11-29 21:27:44', 4, '2022-11-29 23:43:44', 8, 51995, 173325),
(4557, 'TISA-146', 4, '2022-12-11 12:08:46', 5, '2022-12-11 15:05:46', 6, 69532, 244453),
(4558, 'OKSB-920', 4, '2022-11-23 23:34:41', 1, '2022-11-24 03:16:41', 6, 72008, 214809),
(4559, 'ANH-405', 2, '2022-12-17 11:25:51', 5, '2022-12-17 16:07:51', 9, 33074, 102431),
(4560, 'GHL-147', 6, '2022-11-27 18:00:10', 5, '2022-11-27 20:10:10', 9, 59862, 172709),
(4561, 'WFC^Y-402', 2, '2022-11-26 14:36:48', 3, '2022-11-26 19:24:48', 7, 45584, 271270),
(4562, 'ASFI-167', 3, '2022-11-27 13:59:37', 1, '2022-11-27 16:20:37', 9, 31706, 155498),
(4563, 'PNK-44', 1, '2022-11-19 19:16:36', 4, '2022-11-19 22:27:36', 10, 56817, 266516),
(4564, 'LH-690', 3, '2022-12-06 14:46:15', 4, '2022-12-06 19:28:15', 9, 44146, 174691),
(4565, 'RENX-478', 2, '2022-12-19 11:50:20', 4, '2022-12-19 16:03:20', 9, 56488, 167516),
(4566, 'COF-379', 5, '2022-12-27 00:57:43', 4, '2022-12-27 03:37:43', 6, 29616, 127116),
(4567, 'XNET-81', 4, '2022-12-17 23:41:15', 4, '2022-12-18 02:40:15', 7, 70212, 234145),
(4568, 'EQS-426', 4, '2022-12-18 23:56:16', 2, '2022-12-19 01:40:16', 6, 29297, 201397),
(4569, 'FNB-279', 1, '2022-12-01 18:32:25', 4, '2022-12-01 23:16:25', 10, 47010, 195622),
(4570, 'PROV-373', 6, '2022-12-27 10:30:06', 2, '2022-12-27 14:41:06', 9, 78708, 248041),
(4571, 'GPK-842', 5, '2022-11-23 08:02:25', 2, '2022-11-23 12:43:25', 7, 59453, 237012),
(4572, 'CTU-151', 2, '2022-12-12 17:59:17', 4, '2022-12-12 20:32:17', 9, 43127, 187891),
(4573, 'OTIV-448', 5, '2022-12-09 01:48:42', 3, '2022-12-09 05:14:42', 9, 42064, 251930),
(4574, 'HBCP-347', 5, '2022-12-30 22:33:17', 5, '2022-12-31 00:51:17', 6, 20654, 142812),
(4575, 'AQB-645', 6, '2022-11-30 12:12:52', 3, '2022-11-30 15:48:52', 7, 29765, 208395),
(4576, 'SBFG-997', 2, '2022-11-30 20:08:42', 4, '2022-12-01 01:02:42', 9, 78385, 187410),
(4577, 'OTTR-141', 6, '2022-12-01 01:20:09', 5, '2022-12-01 04:39:09', 7, 23786, 227008),
(4578, 'LITE-705', 1, '2022-11-25 21:31:34', 5, '2022-11-26 01:47:34', 10, 78645, 246261),
(4579, 'AHL^B.CL-4', 3, '2022-11-26 21:57:42', 4, '2022-11-26 23:43:42', 10, 48816, 250774),
(4580, 'DKS-356', 3, '2022-11-26 21:12:56', 1, '2022-11-27 01:49:56', 8, 36437, 107759),
(4581, 'AMKR-642', 2, '2022-11-18 06:41:38', 3, '2022-11-18 09:34:38', 7, 65227, 207732),
(4582, 'AFW.CL-895', 6, '2022-12-25 09:59:14', 3, '2022-12-25 12:09:14', 10, 72221, 275389),
(4583, 'EPZM-833', 1, '2022-12-11 21:23:16', 1, '2022-12-12 00:17:16', 9, 71802, 118569),
(4584, 'BDE-599', 5, '2022-12-30 13:51:25', 5, '2022-12-30 15:57:25', 10, 50407, 241529),
(4585, 'CHSCM-884', 6, '2022-12-15 16:42:44', 5, '2022-12-15 21:04:44', 7, 30438, 203222),
(4586, 'NXQ-10', 5, '2022-12-20 02:45:40', 4, '2022-12-20 06:20:40', 9, 64970, 162297),
(4587, 'GGB-523', 3, '2022-12-07 10:18:52', 5, '2022-12-07 14:18:52', 6, 79453, 110113),
(4588, 'ROST-695', 4, '2022-12-22 00:33:44', 1, '2022-12-22 05:15:44', 9, 47955, 134697),
(4589, 'RKDA-209', 3, '2022-12-25 16:40:29', 3, '2022-12-25 18:34:29', 7, 22081, 174737),
(4590, 'OXLC-221', 5, '2022-11-20 09:11:56', 2, '2022-11-20 11:37:56', 6, 69255, 242567),
(4591, 'DWIN-230', 1, '2022-12-19 13:15:21', 3, '2022-12-19 16:24:21', 8, 58787, 183113),
(4592, 'EGO-591', 6, '2022-12-03 01:10:13', 3, '2022-12-03 04:47:13', 7, 41729, 234059),
(4593, 'TNC-488', 1, '2022-11-23 06:08:11', 4, '2022-11-23 08:13:11', 7, 73153, 279304),
(4594, 'AGM.A-263', 6, '2022-12-09 19:35:39', 2, '2022-12-09 22:22:39', 7, 73096, 295892),
(4595, 'KMPA-163', 5, '2022-11-21 00:34:58', 4, '2022-11-21 03:00:58', 6, 43084, 251266),
(4596, 'INTC-601', 4, '2022-11-22 08:10:38', 1, '2022-11-22 11:47:38', 9, 55190, 288711),
(4597, 'EXR-884', 5, '2022-12-05 14:47:14', 2, '2022-12-05 17:35:14', 7, 56433, 293437),
(4598, 'LLIT-556', 3, '2022-12-04 14:48:39', 5, '2022-12-04 18:52:39', 6, 51977, 265564),
(4599, 'GCO-181', 6, '2022-11-26 22:33:53', 1, '2022-11-27 00:30:53', 7, 73498, 111888),
(4600, 'BOE-391', 6, '2022-11-28 01:03:59', 5, '2022-11-28 04:17:59', 10, 78601, 151859),
(4601, 'BKS-105', 3, '2022-12-21 02:12:49', 3, '2022-12-21 04:56:49', 7, 58761, 267043),
(4602, 'BWINA-807', 3, '2022-11-29 00:58:46', 5, '2022-11-29 03:50:46', 7, 43656, 291810),
(4603, 'MPC-474', 4, '2022-11-22 08:27:49', 5, '2022-11-22 10:34:49', 7, 74967, 169034),
(4604, 'PX-555', 2, '2022-12-12 22:03:24', 4, '2022-12-13 00:05:24', 7, 47360, 204241),
(4605, 'KYO-700', 1, '2022-12-04 22:00:02', 3, '2022-12-05 02:08:02', 10, 43425, 231029),
(4606, 'BGS-586', 3, '2022-12-20 20:12:07', 1, '2022-12-20 22:26:07', 9, 34568, 282723),
(4607, 'CFRX-599', 3, '2022-11-30 18:35:52', 3, '2022-11-30 21:36:52', 7, 58508, 119664),
(4608, 'GBLI-185', 2, '2022-12-19 05:44:11', 4, '2022-12-19 08:32:11', 6, 50811, 136308),
(4609, 'RBPAA-887', 5, '2022-12-23 12:39:06', 4, '2022-12-23 15:01:06', 8, 79683, 183420),
(4610, 'WOOD-23', 5, '2022-12-04 04:37:57', 4, '2022-12-04 06:52:57', 8, 66214, 166300),
(4611, 'DNB-350', 1, '2022-11-28 23:56:33', 4, '2022-11-29 04:45:33', 8, 74668, 189061),
(4612, 'ITG-37', 2, '2022-12-13 19:11:43', 2, '2022-12-13 23:42:43', 9, 69088, 190405),
(4613, 'DCM-815', 5, '2022-12-30 02:51:47', 2, '2022-12-30 06:35:47', 9, 23013, 295490),
(4614, 'RAND-540', 4, '2022-12-09 21:29:55', 5, '2022-12-10 02:22:55', 6, 78962, 204683),
(4615, 'DWSN-385', 6, '2022-12-24 05:55:20', 2, '2022-12-24 07:35:20', 9, 69046, 138649),
(4616, 'CBD-397', 5, '2022-11-30 16:03:34', 4, '2022-11-30 19:10:34', 9, 49137, 251163),
(4617, 'ALBO-913', 4, '2022-12-07 19:29:14', 4, '2022-12-07 22:43:14', 7, 41937, 252172),
(4618, 'AKRX-120', 1, '2022-12-09 22:46:38', 1, '2022-12-10 00:36:38', 10, 49026, 165092),
(4619, 'CLNS^E-372', 5, '2022-12-21 16:11:08', 5, '2022-12-21 19:32:08', 7, 58272, 102350),
(4620, 'SANM-208', 1, '2022-12-27 22:03:56', 2, '2022-12-28 00:02:56', 10, 62244, 118621),
(4621, 'NGVC-500', 1, '2022-12-21 03:54:56', 3, '2022-12-21 07:14:56', 8, 24429, 266294),
(4622, 'PLNT-860', 1, '2022-12-08 20:26:41', 3, '2022-12-08 23:25:41', 6, 42302, 105702),
(4623, 'ARA-80', 3, '2022-12-09 20:26:59', 4, '2022-12-09 23:23:59', 7, 21822, 223779),
(4624, 'HUBB-278', 1, '2022-12-19 23:45:06', 1, '2022-12-20 04:21:06', 9, 52549, 105303),
(4625, 'CYOU-743', 6, '2022-12-13 19:57:40', 1, '2022-12-13 23:41:40', 7, 72432, 193384),
(4626, 'SSD-263', 5, '2022-11-30 08:59:52', 3, '2022-11-30 13:51:52', 9, 65788, 111590),
(4627, 'RFTA-849', 2, '2022-12-11 13:08:57', 3, '2022-12-11 17:44:57', 10, 62286, 124948),
(4628, 'ATHX-323', 2, '2022-12-20 22:35:49', 1, '2022-12-21 00:49:49', 8, 55644, 294204),
(4629, 'JASDJ-505', 4, '2022-12-05 09:50:02', 6, '2022-12-05 13:53:02', 4, 50000, 100000);

-- --------------------------------------------------------

--
-- Структура таблицы `payments`
--

CREATE TABLE `payments` (
  `id` int(11) NOT NULL,
  `user_id` int(11) NOT NULL,
  `amount` int(11) NOT NULL,
  `date` datetime NOT NULL DEFAULT current_timestamp(),
  `card_type` varchar(20) NOT NULL,
  `card_number` varchar(20) NOT NULL
) ENGINE=InnoDB DEFAULT CHARSET=utf8mb4;

--
-- Дамп данных таблицы `payments`
--

INSERT INTO `payments` (`id`, `user_id`, `amount`, `date`, `card_type`, `card_number`) VALUES
(7, 3, 870249, '2022-11-30 15:25:48', 'Visa card', '4324 2342 4242 3423'),
(8, 3, 870249, '2022-11-30 16:07:20', 'Visa card', '4112 4124 1412 4141'),
(9, 3, 870249, '2022-11-30 16:13:09', 'Visa card', '4112 4124 1412 4141'),
(10, 23, 319488, '2022-12-02 10:57:12', 'Visa card', '4112 4124 1412 4141'),
(11, 23, 667032, '2022-12-02 10:58:18', 'American Express', '3213 1313 1313 1231'),
(12, 23, 667032, '2022-12-02 10:59:50', 'American Express', '3213 1313 1313 1231'),
(13, 23, 177036, '2022-12-02 11:02:44', 'Visa card', '4324 2342 4242 3423');

-- --------------------------------------------------------

--
-- Структура таблицы `reservation`
--

CREATE TABLE `reservation` (
  `id` int(11) NOT NULL,
  `created_at` datetime NOT NULL DEFAULT current_timestamp(),
  `phone` varchar(50) NOT NULL,
  `email` varchar(100) NOT NULL,
  `user_id` int(11) NOT NULL,
  `payment_id` int(11) DEFAULT NULL
) ENGINE=InnoDB DEFAULT CHARSET=utf8mb4;

--
-- Дамп данных таблицы `reservation`
--

INSERT INTO `reservation` (`id`, `created_at`, `phone`, `email`, `user_id`, `payment_id`) VALUES
(53, '2022-11-30 16:11:39', '2323332313', 'test@gmail.com', 3, 9),
(60, '2022-12-02 10:56:54', '2323332313', 'test@gmail.com', 23, 10),
(62, '2022-12-02 10:59:34', '2323332313', 'test@gmail.com', 23, 12);

-- --------------------------------------------------------

--
-- Структура таблицы `sources`
--

CREATE TABLE `sources` (
  `id` int(11) NOT NULL,
  `name` varchar(255) NOT NULL,
  `image` varchar(100) DEFAULT NULL,
  `website` varchar(255) NOT NULL
) ENGINE=InnoDB DEFAULT CHARSET=utf8mb4;

--
-- Дамп данных таблицы `sources`
--

INSERT INTO `sources` (`id`, `name`, `image`, `website`) VALUES
(1, 'tengrinews.kz', 'tengrinews.jpeg', 'https://tengrinews.kz/'),
(2, 'forbes.kz', 'forbes.png', 'http://forbes.kz/'),
(3, 'inform.kz', 'inform.jpeg', 'http://www.inform.kz/'),
(4, 'profit.kz', 'profit.jpeg', 'http://profit.kz/'),
(5, 'kapital.kz', 'kapital.jpeg', 'https://kapital.kz/'),
(6, 'almau.edu.kz', 'almau.jpeg', 'http://www.almau.edu.kz/');

-- --------------------------------------------------------

--
-- Структура таблицы `tags`
--

CREATE TABLE `tags` (
  `id` int(11) NOT NULL,
  `name` varchar(50) NOT NULL
) ENGINE=InnoDB DEFAULT CHARSET=utf8mb4;

--
-- Дамп данных таблицы `tags`
--

INSERT INTO `tags` (`id`, `name`) VALUES
(1, 'Популярное'),
(2, 'Авиабилеты'),
(3, 'Оплата'),
(4, 'Документы'),
(5, 'Виза'),
(6, 'Багаж');

-- --------------------------------------------------------

--
-- Структура таблицы `tickets`
--

CREATE TABLE `tickets` (
  `id` int(11) NOT NULL,
  `flight_id` int(11) NOT NULL,
  `reservation_id` int(11) NOT NULL,
  `name` varchar(100) NOT NULL,
  `surname` varchar(100) NOT NULL,
  `gender` varchar(10) NOT NULL,
  `birth_date` date NOT NULL,
  `doc_number` varchar(30) NOT NULL,
  `place_row` int(11) NOT NULL,
  `place_char` char(1) NOT NULL,
  `is_active` tinyint(1) NOT NULL DEFAULT 1
) ENGINE=InnoDB DEFAULT CHARSET=utf8mb4;

--
-- Дамп данных таблицы `tickets`
--

INSERT INTO `tickets` (`id`, `flight_id`, `reservation_id`, `name`, `surname`, `gender`, `birth_date`, `doc_number`, `place_row`, `place_char`, `is_active`) VALUES
(123, 2630, 53, 'RORKEK', 'khamraev', 'Мужчина', '2001-01-01', '12313123', 2, 'B', 1),
(151, 4265, 60, 'alim', 'khamraev', 'Мужчина', '2000-01-01', '123123', 2, 'B', 1),
(152, 2660, 60, 'alim', 'khamraev', 'Мужчина', '2000-01-01', '123123', 8, 'B', 1),
(158, 3994, 62, 'alim', 'khamraev', 'Мужчина', '2000-01-01', '123123', 2, 'A', 1),
(159, 4629, 62, 'alim', 'khamraev', 'Мужчина', '2000-01-01', '123123', 2, 'D', 1),
(160, 3890, 62, 'alim', 'khamraev', 'Мужчина', '2000-01-01', '123123', 8, 'C', 1),
(161, 3138, 62, 'alim', 'khamraev', 'Мужчина', '2000-01-01', '123123', 5, 'A', 1),
(162, 3705, 62, 'alim', 'khamraev', 'Мужчина', '2000-01-01', '123123', 10, 'A', 1);

-- --------------------------------------------------------

--
-- Структура таблицы `users`
--

CREATE TABLE `users` (
  `id` int(11) NOT NULL,
  `email` varchar(50) NOT NULL,
  `password` varchar(255) NOT NULL
) ENGINE=InnoDB DEFAULT CHARSET=utf8mb4;

--
-- Дамп данных таблицы `users`
--

INSERT INTO `users` (`id`, `email`, `password`) VALUES
(3, 'testal2@gmail.com', '$2y$10$VP/5Kg5F7tUYjATceJE2fejr36pf/XY2uvW46PiS.U6V1iqCdVCAa'),
(23, 'test@gmail.com', '$2y$10$arOuI6QIhOB1BaPw090OJOxmprI09/GJmb33/f1RJGSuvurPVanNi');

-- --------------------------------------------------------

--
-- Структура таблицы `visa`
--

CREATE TABLE `visa` (
  `id` int(11) NOT NULL,
  `name` varchar(255) NOT NULL,
  `surname` varchar(255) NOT NULL,
  `citizenship` varchar(255) NOT NULL,
  `country` varchar(255) NOT NULL,
  `date` date NOT NULL,
  `phone` varchar(30) NOT NULL,
  `email` varchar(255) NOT NULL
) ENGINE=InnoDB DEFAULT CHARSET=utf8mb4;

--
-- Дамп данных таблицы `visa`
--

INSERT INTO `visa` (`id`, `name`, `surname`, `citizenship`, `country`, `date`, `phone`, `email`) VALUES
(1, 'TestName', 'TestSurname', '', 'AU', '2022-11-25', '8712020323', 'test@gmail.com'),
(2, 'test2', 'TestSurname2', 'KZ', 'BE', '2022-11-22', '238138283', 'test@gmail.com'),
(3, 'test2', 'TestSurname2', 'KZ', 'BE', '2022-11-22', '238138283', 'test@gmail.com'),
(4, 'test2', 'TestSurname2', 'KZ', 'BE', '2022-11-22', '238138283', 'test@gmail.com'),
(5, 'test', 'test', 'KZ', 'GR', '2022-11-27', 'test', 'test@gmail.com'),
(6, 'kek', 'lol', 'KZ', 'ES', '2022-11-26', '123', 'test@gmail.com'),
(7, 'kek1', 'lol1', 'CA', 'IL', '2022-11-26', '12345', 'test@gmail.com');

--
-- Индексы сохранённых таблиц
--

--
-- Индексы таблицы `airlines`
--
ALTER TABLE `airlines`
  ADD PRIMARY KEY (`id`);

--
-- Индексы таблицы `articles`
--
ALTER TABLE `articles`
  ADD PRIMARY KEY (`id`),
  ADD KEY `fk_source_id` (`source_id`);

--
-- Индексы таблицы `cities`
--
ALTER TABLE `cities`
  ADD PRIMARY KEY (`id`),
  ADD UNIQUE KEY `code` (`code`);

--
-- Индексы таблицы `faq`
--
ALTER TABLE `faq`
  ADD PRIMARY KEY (`id`),
  ADD KEY `fk_tag_id` (`tag_id`);

--
-- Индексы таблицы `feedback`
--
ALTER TABLE `feedback`
  ADD PRIMARY KEY (`id`);

--
-- Индексы таблицы `feedback_answers`
--
ALTER TABLE `feedback_answers`
  ADD PRIMARY KEY (`id`),
  ADD UNIQUE KEY `feedback_id` (`feedback_id`);

--
-- Индексы таблицы `flights`
--
ALTER TABLE `flights`
  ADD PRIMARY KEY (`id`),
  ADD UNIQUE KEY `code` (`code`),
  ADD KEY `fk_airline_id` (`airline_id`),
  ADD KEY `fk_departure_city_id` (`departure_city_id`),
  ADD KEY `fk_arrival_city_id` (`arrival_city_id`);

--
-- Индексы таблицы `payments`
--
ALTER TABLE `payments`
  ADD PRIMARY KEY (`id`),
  ADD KEY `fk_user_id` (`user_id`);

--
-- Индексы таблицы `reservation`
--
ALTER TABLE `reservation`
  ADD PRIMARY KEY (`id`),
  ADD KEY `user_id` (`user_id`),
  ADD KEY `payment_id` (`payment_id`);

--
-- Индексы таблицы `sources`
--
ALTER TABLE `sources`
  ADD PRIMARY KEY (`id`);

--
-- Индексы таблицы `tags`
--
ALTER TABLE `tags`
  ADD PRIMARY KEY (`id`);

--
-- Индексы таблицы `tickets`
--
ALTER TABLE `tickets`
  ADD PRIMARY KEY (`id`),
  ADD UNIQUE KEY `unique_flight_and_doc_number` (`flight_id`,`doc_number`),
  ADD UNIQUE KEY `unique_place` (`flight_id`,`place_row`,`place_char`),
  ADD KEY `fk_reservation_id` (`reservation_id`);

--
-- Индексы таблицы `users`
--
ALTER TABLE `users`
  ADD PRIMARY KEY (`id`),
  ADD UNIQUE KEY `email` (`email`);

--
-- Индексы таблицы `visa`
--
ALTER TABLE `visa`
  ADD PRIMARY KEY (`id`);

--
-- AUTO_INCREMENT для сохранённых таблиц
--

--
-- AUTO_INCREMENT для таблицы `airlines`
--
ALTER TABLE `airlines`
  MODIFY `id` int(11) NOT NULL AUTO_INCREMENT, AUTO_INCREMENT=7;

--
-- AUTO_INCREMENT для таблицы `articles`
--
ALTER TABLE `articles`
  MODIFY `id` int(11) NOT NULL AUTO_INCREMENT, AUTO_INCREMENT=11;

--
-- AUTO_INCREMENT для таблицы `cities`
--
ALTER TABLE `cities`
  MODIFY `id` int(11) NOT NULL AUTO_INCREMENT, AUTO_INCREMENT=11;

--
-- AUTO_INCREMENT для таблицы `faq`
--
ALTER TABLE `faq`
  MODIFY `id` int(11) NOT NULL AUTO_INCREMENT, AUTO_INCREMENT=5;

--
-- AUTO_INCREMENT для таблицы `feedback`
--
ALTER TABLE `feedback`
  MODIFY `id` int(11) NOT NULL AUTO_INCREMENT, AUTO_INCREMENT=6;

--
-- AUTO_INCREMENT для таблицы `feedback_answers`
--
ALTER TABLE `feedback_answers`
  MODIFY `id` int(11) NOT NULL AUTO_INCREMENT, AUTO_INCREMENT=5;

--
-- AUTO_INCREMENT для таблицы `flights`
--
ALTER TABLE `flights`
  MODIFY `id` int(11) NOT NULL AUTO_INCREMENT, AUTO_INCREMENT=4630;

--
-- AUTO_INCREMENT для таблицы `payments`
--
ALTER TABLE `payments`
  MODIFY `id` int(11) NOT NULL AUTO_INCREMENT, AUTO_INCREMENT=14;

--
-- AUTO_INCREMENT для таблицы `reservation`
--
ALTER TABLE `reservation`
  MODIFY `id` int(11) NOT NULL AUTO_INCREMENT, AUTO_INCREMENT=66;

--
-- AUTO_INCREMENT для таблицы `sources`
--
ALTER TABLE `sources`
  MODIFY `id` int(11) NOT NULL AUTO_INCREMENT, AUTO_INCREMENT=7;

--
-- AUTO_INCREMENT для таблицы `tags`
--
ALTER TABLE `tags`
  MODIFY `id` int(11) NOT NULL AUTO_INCREMENT, AUTO_INCREMENT=8;

--
-- AUTO_INCREMENT для таблицы `tickets`
--
ALTER TABLE `tickets`
  MODIFY `id` int(11) NOT NULL AUTO_INCREMENT, AUTO_INCREMENT=166;

--
-- AUTO_INCREMENT для таблицы `users`
--
ALTER TABLE `users`
  MODIFY `id` int(11) NOT NULL AUTO_INCREMENT, AUTO_INCREMENT=24;

--
-- AUTO_INCREMENT для таблицы `visa`
--
ALTER TABLE `visa`
  MODIFY `id` int(11) NOT NULL AUTO_INCREMENT, AUTO_INCREMENT=8;

--
-- Ограничения внешнего ключа сохраненных таблиц
--

--
-- Ограничения внешнего ключа таблицы `articles`
--
ALTER TABLE `articles`
  ADD CONSTRAINT `fk_source_id` FOREIGN KEY (`source_id`) REFERENCES `sources` (`id`);

--
-- Ограничения внешнего ключа таблицы `faq`
--
ALTER TABLE `faq`
  ADD CONSTRAINT `fk_tag_id` FOREIGN KEY (`tag_id`) REFERENCES `tags` (`id`);

--
-- Ограничения внешнего ключа таблицы `feedback_answers`
--
ALTER TABLE `feedback_answers`
  ADD CONSTRAINT `feedback_answers_FK_1` FOREIGN KEY (`feedback_id`) REFERENCES `feedback` (`id`);

--
-- Ограничения внешнего ключа таблицы `flights`
--
ALTER TABLE `flights`
  ADD CONSTRAINT `fk_airline_id` FOREIGN KEY (`airline_id`) REFERENCES `airlines` (`id`),
  ADD CONSTRAINT `fk_arrival_city_id` FOREIGN KEY (`arrival_city_id`) REFERENCES `cities` (`id`),
  ADD CONSTRAINT `fk_departure_city_id` FOREIGN KEY (`departure_city_id`) REFERENCES `cities` (`id`);

--
-- Ограничения внешнего ключа таблицы `payments`
--
ALTER TABLE `payments`
  ADD CONSTRAINT `fk_user_id` FOREIGN KEY (`user_id`) REFERENCES `users` (`id`);

--
-- Ограничения внешнего ключа таблицы `reservation`
--
ALTER TABLE `reservation`
  ADD CONSTRAINT `reservation_ibfk_1` FOREIGN KEY (`user_id`) REFERENCES `users` (`id`) ON DELETE CASCADE,
  ADD CONSTRAINT `reservation_ibfk_2` FOREIGN KEY (`payment_id`) REFERENCES `payments` (`id`) ON DELETE CASCADE;

--
-- Ограничения внешнего ключа таблицы `tickets`
--
ALTER TABLE `tickets`
  ADD CONSTRAINT `fk_flight_id` FOREIGN KEY (`flight_id`) REFERENCES `flights` (`id`) ON DELETE CASCADE,
  ADD CONSTRAINT `fk_reservation_id` FOREIGN KEY (`reservation_id`) REFERENCES `reservation` (`id`) ON DELETE CASCADE;
COMMIT;

/*!40101 SET CHARACTER_SET_CLIENT=@OLD_CHARACTER_SET_CLIENT */;
/*!40101 SET CHARACTER_SET_RESULTS=@OLD_CHARACTER_SET_RESULTS */;
/*!40101 SET COLLATION_CONNECTION=@OLD_COLLATION_CONNECTION */;
